city,lat,lon,date,hour,temp,prob_rain,volume_rain,wind_speed,perc_cloud
Mont Saint Michel,48.6359541,-1.51146,2026-08-16,20:00,21.34,0.0,0.0,5.91,90
Mont Saint Michel,48.6359541,-1.51146,2026-08-16,23:00,20.45,0.0,0.0,4.71,90
Mont Saint Michel,48.6359541,-1.51146,2026-08-17,02:00,18.86,0.0,0.0,1.84,93
Mont Saint Michel,48.6359541,-1.51146,2026-08-17,05:00,17.08,0.0,0.0,2.62,100
Mont Saint Michel,48.6359541,-1.51146,2026-08-17,08:00,18.01,0.0,0.0,3.93,99
Mont Saint Michel,48.6359541,-1.51146,2026-08-17,11:00,21.11,0.0,0.0,4.87,100
Mont Saint Michel,48.6359541,-1.51146,2026-08-17,14:00,22.97,0.0,0.0,6.58,94
Mont Saint Michel,48.6359541,-1.51146,2026-08-17,17:00,23.6,0.0,0.0,5.88,100
Mont Saint Michel,48.6359541,-1.51146,2026-08-17,20:00,21.17,0.0,0.0,4.91,63
Mont Saint Michel,48.6359541,-1.51146,2026-08-17,23:00,17.89,0.0,0.0,3.93,11
Mont Saint Michel,48.6359541,-1.51146,2026-08-18,02:00,17.55,0.0,0.0,4.46,15
Mont Saint Michel,48.6359541,-1.51146,2026-08-18,05:00,16.96,0.0,0.0,4.57,41
Mont Saint Michel,48.6359541,-1.51146,2026-08-18,08:00,17.85,0.0,0.0,3.59,67
Mont Saint Michel,48.6359541,-1.51146,2026-08-18,11:00,20.43,0.0,0.0,4.35,100
Mont Saint Michel,48.6359541,-1.51146,2026-08-18,14:00,22.34,0.0,0.0,5.19,100
Mont Saint Michel,48.6359541,-1.51146,2026-08-18,17:00,22.06,0.0,0.0,5.64,100
Mont Saint Michel,48.6359541,-1.51146,2026-08-18,20:00,20.07,0.0,0.0,4.89,99
Mont Saint Michel,48.6359541,-1.51146,2026-08-18,23:00,19.25,0.0,0.0,5.88,100
Mont Saint Michel,48.6359541,-1.51146,2026-08-19,02:00,18.29,0.0,0.0,5.02,96
Mont Saint Michel,48.6359541,-1.51146,2026-08-19,05:00,17.96,0.0,0.0,4.68,100
Mont Saint Michel,48.6359541,-1.51146,2026-08-19,08:00,16.88,0.0,0.0,4.09,97
Mont Saint Michel,48.6359541,-1.51146,2026-08-19,11:00,21.02,0.25,0.14,5.62,100
Mont Saint Michel,48.6359541,-1.51146,2026-08-19,14:00,20.75,0.2,0.12,5.69,100
Mont Saint Michel,48.6359541,-1.51146,2026-08-19,17:00,20.69,0.0,0.0,6.87,63
Mont Saint Michel,48.6359541,-1.51146,2026-08-19,20:00,18.62,0.0,0.0,6.78,32
Mont Saint Michel,48.6359541,-1.51146,2026-08-19,23:00,15.75,0.0,0.0,5.04,0
Mont Saint Michel,48.6359541,-1.51146,2026-08-20,02:00,13.67,0.0,0.0,5.01,0
Mont Saint Michel,48.6359541,-1.51146,2026-08-20,05:00,14.8,0.0,0.0,4.99,58
Mont Saint Michel,48.6359541,-1.51146,2026-08-20,08:00,14.1,0.0,0.0,4.46,61
Mont Saint Michel,48.6359541,-1.51146,2026-08-20,11:00,19.49,0.32,0.15,6.82,48
Mont Saint Michel,48.6359541,-1.51146,2026-08-20,14:00,21.17,0.27,0.15,6.12,55
Mont Saint Michel,48.6359541,-1.51146,2026-08-20,17:00,19.18,0.0,0.0,5.3,62
Mont Saint Michel,48.6359541,-1.51146,2026-08-20,20:00,18.79,0.0,0.0,6.49,57
Mont Saint Michel,48.6359541,-1.51146,2026-08-20,23:00,15.65,0.6,0.36,5.46,23
Mont Saint Michel,48.6359541,-1.51146,2026-08-21,02:00,14.44,0.0,0.0,4.14,12
Mont Saint Michel,48.6359541,-1.51146,2026-08-21,05:00,13.61,0.2,0.15,3.53,23
Mont Saint Michel,48.6359541,-1.51146,2026-08-21,08:00,13.78,0.0,0.0,3.47,28
Mont Saint Michel,48.6359541,-1.51146,2026-08-21,11:00,19.03,0.0,0.0,5.07,37
Mont Saint Michel,48.6359541,-1.51146,2026-08-21,14:00,20.11,0.2,0.12,4.91,39
Mont Saint Michel,48.6359541,-1.51146,2026-08-21,17:00,19.14,0.0,0.0,5.27,41
St Malo,48.649518,-2.0260409,2026-08-16,20:00,22.29,0.0,0.0,6.89,94
St Malo,48.649518,-2.0260409,2026-08-16,23:00,21.15,0.0,0.0,4.78,80
St Malo,48.649518,-2.0260409,2026-08-17,02:00,19.43,0.0,0.0,3.31,81
St Malo,48.649518,-2.0260409,2026-08-17,05:00,17.53,0.0,0.0,3.55,100
St Malo,48.649518,-2.0260409,2026-08-17,08:00,18.46,0.0,0.0,5.03,100
St Malo,48.649518,-2.0260409,2026-08-17,11:00,20.37,0.0,0.0,5.6,100
St Malo,48.649518,-2.0260409,2026-08-17,14:00,22.27,0.0,0.0,5.9,99
St Malo,48.649518,-2.0260409,2026-08-17,17:00,23.14,0.0,0.0,6.23,85
St Malo,48.649518,-2.0260409,2026-08-17,20:00,20.8,0.0,0.0,6.36,50
St Malo,48.649518,-2.0260409,2026-08-17,23:00,18.37,0.0,0.0,6.36,19
St Malo,48.649518,-2.0260409,2026-08-18,02:00,17.78,0.0,0.0,6.33,25
St Malo,48.649518,-2.0260409,2026-08-18,05:00,17.3,0.0,0.0,6.4,26
St Malo,48.649518,-2.0260409,2026-08-18,08:00,18.28,0.0,0.0,4.96,63
St Malo,48.649518,-2.0260409,2026-08-18,11:00,19.93,0.0,0.0,5.17,100
St Malo,48.649518,-2.0260409,2026-08-18,14:00,21.74,0.0,0.0,5.39,99
St Malo,48.649518,-2.0260409,2026-08-18,17:00,20.99,0.0,0.0,6.81,99
St Malo,48.649518,-2.0260409,2026-08-18,20:00,19.7,0.0,0.0,6.15,100
St Malo,48.649518,-2.0260409,2026-08-18,23:00,18.79,0.0,0.0,6.39,72
St Malo,48.649518,-2.0260409,2026-08-19,02:00,18.31,0.0,0.0,5.7,83
St Malo,48.649518,-2.0260409,2026-08-19,05:00,18.05,0.0,0.0,5.06,100
St Malo,48.649518,-2.0260409,2026-08-19,08:00,16.96,0.0,0.0,5.68,98
St Malo,48.649518,-2.0260409,2026-08-19,11:00,20.19,0.2,0.15,6.6,89
St Malo,48.649518,-2.0260409,2026-08-19,14:00,20.14,0.2,0.11,5.94,96
St Malo,48.649518,-2.0260409,2026-08-19,17:00,19.71,0.0,0.0,7.24,30
St Malo,48.649518,-2.0260409,2026-08-19,20:00,18.32,0.0,0.0,8.59,16
St Malo,48.649518,-2.0260409,2026-08-19,23:00,16.81,0.0,0.0,7.32,0
St Malo,48.649518,-2.0260409,2026-08-20,02:00,14.62,0.0,0.0,5.97,11
St Malo,48.649518,-2.0260409,2026-08-20,05:00,15.32,0.0,0.0,5.85,69
St Malo,48.649518,-2.0260409,2026-08-20,08:00,15.8,0.0,0.0,7.43,49
St Malo,48.649518,-2.0260409,2026-08-20,11:00,19.32,0.0,0.0,7.35,3
St Malo,48.649518,-2.0260409,2026-08-20,14:00,20.32,0.2,0.26,5.86,23
St Malo,48.649518,-2.0260409,2026-08-20,17:00,19.75,0.0,0.0,8.36,40
St Malo,48.649518,-2.0260409,2026-08-20,20:00,18.76,0.0,0.0,9.74,37
St Malo,48.649518,-2.0260409,2026-08-20,23:00,16.87,0.0,0.0,7.21,3
St Malo,48.649518,-2.0260409,2026-08-21,02:00,15.94,0.2,0.1,5.87,2
St Malo,48.649518,-2.0260409,2026-08-21,05:00,15.22,0.2,0.19,5.03,20
St Malo,48.649518,-2.0260409,2026-08-21,08:00,14.86,0.24,0.12,4.72,17
St Malo,48.649518,-2.0260409,2026-08-21,11:00,18.06,0.47,0.36,5.0,84
St Malo,48.649518,-2.0260409,2026-08-21,14:00,18.85,0.25,0.21,4.49,71
St Malo,48.649518,-2.0260409,2026-08-21,17:00,18.61,0.0,0.0,5.44,46
Bayeux,49.2764624,-0.7024738,2026-08-16,20:00,24.14,0.0,0.0,3.15,99
Bayeux,49.2764624,-0.7024738,2026-08-16,23:00,22.86,0.0,0.0,2.06,95
Bayeux,49.2764624,-0.7024738,2026-08-17,02:00,20.89,0.0,0.0,2.19,96
Bayeux,49.2764624,-0.7024738,2026-08-17,05:00,18.26,0.0,0.0,2.99,100
Bayeux,49.2764624,-0.7024738,2026-08-17,08:00,18.45,0.0,0.0,3.19,100
Bayeux,49.2764624,-0.7024738,2026-08-17,11:00,21.47,0.0,0.0,4.66,100
Bayeux,49.2764624,-0.7024738,2026-08-17,14:00,23.93,0.0,0.0,4.86,99
Bayeux,49.2764624,-0.7024738,2026-08-17,17:00,24.75,0.2,0.11,4.53,97
Bayeux,49.2764624,-0.7024738,2026-08-17,20:00,22.81,0.0,0.0,2.7,83
Bayeux,49.2764624,-0.7024738,2026-08-17,23:00,18.29,0.0,0.0,4.96,12
Bayeux,49.2764624,-0.7024738,2026-08-18,02:00,17.39,0.0,0.0,4.73,31
Bayeux,49.2764624,-0.7024738,2026-08-18,05:00,16.53,0.0,0.0,4.1,19
Bayeux,49.2764624,-0.7024738,2026-08-18,08:00,17.22,0.0,0.0,4.87,60
Bayeux,49.2764624,-0.7024738,2026-08-18,11:00,22.23,0.0,0.0,6.38,100
Bayeux,49.2764624,-0.7024738,2026-08-18,14:00,20.68,0.0,0.0,6.37,100
Bayeux,49.2764624,-0.7024738,2026-08-18,17:00,21.75,0.53,0.28,6.93,100
Bayeux,49.2764624,-0.7024738,2026-08-18,20:00,21.99,0.03,0.0,6.68,99
Bayeux,49.2764624,-0.7024738,2026-08-18,23:00,17.21,0.0,0.0,5.41,68
Bayeux,49.2764624,-0.7024738,2026-08-19,02:00,17.58,0.0,0.0,5.2,84
Bayeux,49.2764624,-0.7024738,2026-08-19,05:00,17.13,0.0,0.0,4.26,100
Bayeux,49.2764624,-0.7024738,2026-08-19,08:00,15.4,0.0,0.0,3.66,100
Bayeux,49.2764624,-0.7024738,2026-08-19,11:00,20.48,0.2,0.13,5.92,49
Bayeux,49.2764624,-0.7024738,2026-08-19,14:00,23.13,0.2,0.2,7.04,73
Bayeux,49.2764624,-0.7024738,2026-08-19,17:00,21.76,0.28,0.16,6.96,100
Bayeux,49.2764624,-0.7024738,2026-08-19,20:00,19.36,0.0,0.0,6.68,68
Bayeux,49.2764624,-0.7024738,2026-08-19,23:00,12.52,0.0,0.0,4.31,0
Bayeux,49.2764624,-0.7024738,2026-08-20,02:00,11.59,0.0,0.0,4.23,0
Bayeux,49.2764624,-0.7024738,2026-08-20,05:00,11.97,0.0,0.0,4.82,10
Bayeux,49.2764624,-0.7024738,2026-08-20,08:00,13.98,0.0,0.0,6.2,14
Bayeux,49.2764624,-0.7024738,2026-08-20,11:00,17.47,0.85,0.59,7.59,36
Bayeux,49.2764624,-0.7024738,2026-08-20,14:00,20.59,1.0,1.28,7.79,34
Bayeux,49.2764624,-0.7024738,2026-08-20,17:00,22.58,0.61,0.31,7.98,48
Bayeux,49.2764624,-0.7024738,2026-08-20,20:00,19.33,0.11,0.0,6.85,25
Bayeux,49.2764624,-0.7024738,2026-08-20,23:00,13.37,0.0,0.0,4.78,2
Bayeux,49.2764624,-0.7024738,2026-08-21,02:00,12.43,0.0,0.0,4.33,1
Bayeux,49.2764624,-0.7024738,2026-08-21,05:00,11.35,0.0,0.0,4.66,0
Bayeux,49.2764624,-0.7024738,2026-08-21,08:00,12.47,0.24,0.14,4.1,13
Bayeux,49.2764624,-0.7024738,2026-08-21,11:00,18.41,0.57,0.39,4.2,15
Bayeux,49.2764624,-0.7024738,2026-08-21,14:00,18.87,0.88,0.57,4.48,35
Bayeux,49.2764624,-0.7024738,2026-08-21,17:00,19.96,0.2,0.12,4.54,17
Le Havre,49.4938975,0.1079732,2026-08-16,20:00,26.51,0.0,0.0,5.57,85
Le Havre,49.4938975,0.1079732,2026-08-16,23:00,24.46,0.0,0.0,3.26,81
Le Havre,49.4938975,0.1079732,2026-08-17,02:00,22.23,0.0,0.0,1.87,86
Le Havre,49.4938975,0.1079732,2026-08-17,05:00,19.62,0.0,0.0,3.87,100
Le Havre,49.4938975,0.1079732,2026-08-17,08:00,19.57,0.0,0.0,5.18,100
Le Havre,49.4938975,0.1079732,2026-08-17,11:00,19.82,0.0,0.0,5.62,100
Le Havre,49.4938975,0.1079732,2026-08-17,14:00,20.45,0.0,0.0,5.51,100
Le Havre,49.4938975,0.1079732,2026-08-17,17:00,20.6,0.0,0.0,4.2,85
Le Havre,49.4938975,0.1079732,2026-08-17,20:00,20.51,0.0,0.0,3.38,84
Le Havre,49.4938975,0.1079732,2026-08-17,23:00,20.29,0.0,0.0,4.43,14
Le Havre,49.4938975,0.1079732,2026-08-18,02:00,19.42,0.0,0.0,5.69,24
Le Havre,49.4938975,0.1079732,2026-08-18,05:00,19.34,0.0,0.0,6.15,36
Le Havre,49.4938975,0.1079732,2026-08-18,08:00,18.76,0.0,0.0,6.2,68
Le Havre,49.4938975,0.1079732,2026-08-18,11:00,19.34,0.0,0.0,7.08,100
Le Havre,49.4938975,0.1079732,2026-08-18,14:00,20.58,0.0,0.0,7.02,100
Le Havre,49.4938975,0.1079732,2026-08-18,17:00,20.77,0.8,0.42,6.97,100
Le Havre,49.4938975,0.1079732,2026-08-18,20:00,20.92,1.0,0.52,5.42,100
Le Havre,49.4938975,0.1079732,2026-08-18,23:00,19.97,0.0,0.0,7.34,84
Le Havre,49.4938975,0.1079732,2026-08-19,02:00,19.58,0.0,0.0,7.04,92
Le Havre,49.4938975,0.1079732,2026-08-19,05:00,19.14,0.0,0.0,6.21,100
Le Havre,49.4938975,0.1079732,2026-08-19,08:00,18.67,0.0,0.0,6.84,99
Le Havre,49.4938975,0.1079732,2026-08-19,11:00,19.26,0.2,0.21,5.93,41
Le Havre,49.4938975,0.1079732,2026-08-19,14:00,20.09,0.2,0.19,6.08,70
Le Havre,49.4938975,0.1079732,2026-08-19,17:00,18.97,0.2,0.17,6.95,32
Le Havre,49.4938975,0.1079732,2026-08-19,20:00,19.79,0.0,0.0,7.72,40
Le Havre,49.4938975,0.1079732,2026-08-19,23:00,18.29,0.0,0.0,8.08,0
Le Havre,49.4938975,0.1079732,2026-08-20,02:00,17.47,0.0,0.0,8.03,3
Le Havre,49.4938975,0.1079732,2026-08-20,05:00,16.85,0.0,0.0,7.4,11
Le Havre,49.4938975,0.1079732,2026-08-20,08:00,16.42,0.2,0.15,8.53,26
Le Havre,49.4938975,0.1079732,2026-08-20,11:00,18.61,0.51,0.3,10.2,41
Le Havre,49.4938975,0.1079732,2026-08-20,14:00,19.53,1.0,1.14,7.7,45
Le Havre,49.4938975,0.1079732,2026-08-20,17:00,19.96,0.27,0.12,6.92,5
Le Havre,49.4938975,0.1079732,2026-08-20,20:00,19.72,0.0,0.0,6.73,4
Le Havre,49.4938975,0.1079732,2026-08-20,23:00,18.61,0.0,0.0,8.06,8
Le Havre,49.4938975,0.1079732,2026-08-21,02:00,18.06,0.2,0.13,7.62,6
Le Havre,49.4938975,0.1079732,2026-08-21,05:00,17.11,0.5,0.27,8.39,21
Le Havre,49.4938975,0.1079732,2026-08-21,08:00,16.62,1.0,1.87,6.64,45
Le Havre,49.4938975,0.1079732,2026-08-21,11:00,16.84,1.0,1.62,5.54,13
Le Havre,49.4938975,0.1079732,2026-08-21,14:00,17.48,1.0,0.18,4.25,20
Le Havre,49.4938975,0.1079732,2026-08-21,17:00,17.73,0.0,0.0,4.2,5
Rouen,49.4404591,1.0939658,2026-08-16,20:00,28.29,0.0,0.0,5.04,93
Rouen,49.4404591,1.0939658,2026-08-16,23:00,26.86,0.0,0.0,2.68,85
Rouen,49.4404591,1.0939658,2026-08-17,02:00,23.07,0.0,0.0,1.3,87
Rouen,49.4404591,1.0939658,2026-08-17,05:00,19.62,0.0,0.0,2.65,100
Rouen,49.4404591,1.0939658,2026-08-17,08:00,19.66,0.0,0.0,2.54,100
Rouen,49.4404591,1.0939658,2026-08-17,11:00,21.22,0.2,0.13,4.0,100
Rouen,49.4404591,1.0939658,2026-08-17,14:00,23.1,0.0,0.0,5.38,100
Rouen,49.4404591,1.0939658,2026-08-17,17:00,24.08,0.0,0.0,6.16,78
Rouen,49.4404591,1.0939658,2026-08-17,20:00,23.61,0.0,0.0,3.98,89
Rouen,49.4404591,1.0939658,2026-08-17,23:00,18.56,0.0,0.0,2.23,40
Rouen,49.4404591,1.0939658,2026-08-18,02:00,17.4,0.0,0.0,2.42,39
Rouen,49.4404591,1.0939658,2026-08-18,05:00,16.49,0.0,0.0,2.79,16
Rouen,49.4404591,1.0939658,2026-08-18,08:00,17.56,0.0,0.0,3.75,54
Rouen,49.4404591,1.0939658,2026-08-18,11:00,22.85,0.0,0.0,6.09,99
Rouen,49.4404591,1.0939658,2026-08-18,14:00,24.88,0.0,0.0,7.14,100
Rouen,49.4404591,1.0939658,2026-08-18,17:00,24.73,0.0,0.0,8.04,100
Rouen,49.4404591,1.0939658,2026-08-18,20:00,22.57,0.0,0.0,6.07,100
Rouen,49.4404591,1.0939658,2026-08-18,23:00,18.42,0.0,0.0,3.14,78
Rouen,49.4404591,1.0939658,2026-08-19,02:00,18.63,0.0,0.0,4.33,89
Rouen,49.4404591,1.0939658,2026-08-19,05:00,18.41,0.0,0.0,5.15,100
Rouen,49.4404591,1.0939658,2026-08-19,08:00,17.7,0.0,0.0,3.6,100
Rouen,49.4404591,1.0939658,2026-08-19,11:00,22.2,0.0,0.0,6.45,75
Rouen,49.4404591,1.0939658,2026-08-19,14:00,22.32,0.0,0.0,6.51,87
Rouen,49.4404591,1.0939658,2026-08-19,17:00,21.64,0.0,0.0,5.88,98
Rouen,49.4404591,1.0939658,2026-08-19,20:00,20.45,0.0,0.0,5.63,70
Rouen,49.4404591,1.0939658,2026-08-19,23:00,14.01,0.0,0.0,2.84,0
Rouen,49.4404591,1.0939658,2026-08-20,02:00,12.4,0.0,0.0,2.81,0
Rouen,49.4404591,1.0939658,2026-08-20,05:00,11.43,0.0,0.0,3.08,4
Rouen,49.4404591,1.0939658,2026-08-20,08:00,12.76,0.0,0.0,3.92,4
Rouen,49.4404591,1.0939658,2026-08-20,11:00,20.43,0.0,0.0,7.07,5
Rouen,49.4404591,1.0939658,2026-08-20,14:00,21.21,0.37,0.45,7.48,33
Rouen,49.4404591,1.0939658,2026-08-20,17:00,23.5,0.0,0.0,7.92,58
Rouen,49.4404591,1.0939658,2026-08-20,20:00,20.74,0.0,0.0,5.76,37
Rouen,49.4404591,1.0939658,2026-08-20,23:00,14.16,0.0,0.0,2.18,7
Rouen,49.4404591,1.0939658,2026-08-21,02:00,13.15,0.0,0.0,3.41,5
Rouen,49.4404591,1.0939658,2026-08-21,05:00,12.23,0.0,0.0,3.21,0
Rouen,49.4404591,1.0939658,2026-08-21,08:00,14.05,0.0,0.0,4.74,19
Rouen,49.4404591,1.0939658,2026-08-21,11:00,19.68,0.49,0.27,4.71,24
Rouen,49.4404591,1.0939658,2026-08-21,14:00,22.05,1.0,0.6,4.06,27
Rouen,49.4404591,1.0939658,2026-08-21,17:00,21.09,0.32,0.18,3.26,83
Paris,48.8534951,2.3483915,2026-08-16,20:00,30.13,0.0,0.0,3.88,76
Paris,48.8534951,2.3483915,2026-08-16,23:00,27.85,0.0,0.0,4.02,90
Paris,48.8534951,2.3483915,2026-08-17,02:00,22.7,0.0,0.0,2.47,97
Paris,48.8534951,2.3483915,2026-08-17,05:00,21.64,0.0,0.0,2.28,100
Paris,48.8534951,2.3483915,2026-08-17,08:00,22.32,0.0,0.0,3.09,100
Paris,48.8534951,2.3483915,2026-08-17,11:00,23.51,0.0,0.0,2.31,100
Paris,48.8534951,2.3483915,2026-08-17,14:00,22.6,0.0,0.0,3.19,100
Paris,48.8534951,2.3483915,2026-08-17,17:00,26.46,0.0,0.0,3.17,93
Paris,48.8534951,2.3483915,2026-08-17,20:00,25.17,0.0,0.0,4.83,90
Paris,48.8534951,2.3483915,2026-08-17,23:00,22.86,0.0,0.0,3.23,78
Paris,48.8534951,2.3483915,2026-08-18,02:00,20.74,0.0,0.0,2.25,47
Paris,48.8534951,2.3483915,2026-08-18,05:00,21.32,0.0,0.0,1.75,28
Paris,48.8534951,2.3483915,2026-08-18,08:00,20.78,0.0,0.0,3.05,41
Paris,48.8534951,2.3483915,2026-08-18,11:00,23.41,0.0,0.0,3.5,100
Paris,48.8534951,2.3483915,2026-08-18,14:00,28.58,0.0,0.0,4.16,100
Paris,48.8534951,2.3483915,2026-08-18,17:00,28.95,0.0,0.0,4.8,100
Paris,48.8534951,2.3483915,2026-08-18,20:00,26.37,0.0,0.0,5.22,97
Paris,48.8534951,2.3483915,2026-08-18,23:00,23.89,0.2,0.13,3.89,75
Paris,48.8534951,2.3483915,2026-08-19,02:00,22.02,0.21,0.22,3.68,78
Paris,48.8534951,2.3483915,2026-08-19,05:00,20.1,0.85,0.52,2.76,98
Paris,48.8534951,2.3483915,2026-08-19,08:00,18.83,0.95,0.41,3.31,99
Paris,48.8534951,2.3483915,2026-08-19,11:00,22.32,0.2,0.1,3.99,100
Paris,48.8534951,2.3483915,2026-08-19,14:00,26.18,0.0,0.0,3.98,100
Paris,48.8534951,2.3483915,2026-08-19,17:00,26.31,0.0,0.0,4.17,100
Paris,48.8534951,2.3483915,2026-08-19,20:00,24.77,0.0,0.0,3.96,94
Paris,48.8534951,2.3483915,2026-08-19,23:00,22.15,0.0,0.0,2.65,51
Paris,48.8534951,2.3483915,2026-08-20,02:00,20.08,0.0,0.0,3.64,76
Paris,48.8534951,2.3483915,2026-08-20,05:00,17.94,0.0,0.0,3.27,18
Paris,48.8534951,2.3483915,2026-08-20,08:00,16.67,0.0,0.0,3.87,12
Paris,48.8534951,2.3483915,2026-08-20,11:00,19.89,0.0,0.0,4.35,94
Paris,48.8534951,2.3483915,2026-08-20,14:00,24.49,0.0,0.0,4.55,74
Paris,48.8534951,2.3483915,2026-08-20,17:00,23.75,0.0,0.0,5.41,89
Paris,48.8534951,2.3483915,2026-08-20,20:00,22.75,0.0,0.0,3.73,78
Paris,48.8534951,2.3483915,2026-08-20,23:00,21.48,0.0,0.0,3.22,57
Paris,48.8534951,2.3483915,2026-08-21,02:00,18.83,0.0,0.0,3.26,28
Paris,48.8534951,2.3483915,2026-08-21,05:00,16.63,0.0,0.0,3.51,0
Paris,48.8534951,2.3483915,2026-08-21,08:00,16.22,0.0,0.0,3.39,4
Paris,48.8534951,2.3483915,2026-08-21,11:00,19.94,0.0,0.0,4.12,2
Paris,48.8534951,2.3483915,2026-08-21,14:00,23.57,0.0,0.0,4.23,32
Paris,48.8534951,2.3483915,2026-08-21,17:00,22.8,0.0,0.0,4.32,49
Amiens,49.8941708,2.2956951,2026-08-16,20:00,26.68,0.0,0.0,4.53,100
Amiens,49.8941708,2.2956951,2026-08-16,23:00,25.18,0.0,0.0,2.26,100
Amiens,49.8941708,2.2956951,2026-08-17,02:00,22.25,0.0,0.0,0.71,100
Amiens,49.8941708,2.2956951,2026-08-17,05:00,19.91,0.0,0.0,2.28,100
Amiens,49.8941708,2.2956951,2026-08-17,08:00,18.88,0.32,0.52,1.75,100
Amiens,49.8941708,2.2956951,2026-08-17,11:00,23.17,0.0,0.0,4.47,100
Amiens,49.8941708,2.2956951,2026-08-17,14:00,27.27,0.0,0.0,6.44,100
Amiens,49.8941708,2.2956951,2026-08-17,17:00,25.58,0.0,0.0,7.39,78
Amiens,49.8941708,2.2956951,2026-08-17,20:00,23.28,0.0,0.0,5.18,79
Amiens,49.8941708,2.2956951,2026-08-17,23:00,19.02,0.0,0.0,2.6,66
Amiens,49.8941708,2.2956951,2026-08-18,02:00,17.02,0.0,0.0,2.34,53
Amiens,49.8941708,2.2956951,2026-08-18,05:00,16.51,0.0,0.0,3.51,23
Amiens,49.8941708,2.2956951,2026-08-18,08:00,18.39,0.0,0.0,4.9,56
Amiens,49.8941708,2.2956951,2026-08-18,11:00,22.22,0.0,0.0,5.65,100
Amiens,49.8941708,2.2956951,2026-08-18,14:00,24.13,0.0,0.0,6.37,100
Amiens,49.8941708,2.2956951,2026-08-18,17:00,22.76,0.2,0.14,7.49,100
Amiens,49.8941708,2.2956951,2026-08-18,20:00,22.88,0.0,0.0,6.1,99
Amiens,49.8941708,2.2956951,2026-08-18,23:00,18.18,0.0,0.0,4.24,92
Amiens,49.8941708,2.2956951,2026-08-19,02:00,18.75,0.0,0.0,4.92,95
Amiens,49.8941708,2.2956951,2026-08-19,05:00,17.97,0.0,0.0,4.52,100
Amiens,49.8941708,2.2956951,2026-08-19,08:00,18.22,0.0,0.0,4.33,100
Amiens,49.8941708,2.2956951,2026-08-19,11:00,22.4,0.0,0.0,6.48,60
Amiens,49.8941708,2.2956951,2026-08-19,14:00,24.58,0.0,0.0,7.67,66
Amiens,49.8941708,2.2956951,2026-08-19,17:00,22.39,0.0,0.0,6.25,100
Amiens,49.8941708,2.2956951,2026-08-19,20:00,20.31,0.0,0.0,5.89,97
Amiens,49.8941708,2.2956951,2026-08-19,23:00,13.83,0.0,0.0,3.15,12
Amiens,49.8941708,2.2956951,2026-08-20,02:00,11.65,0.0,0.0,3.24,4
Amiens,49.8941708,2.2956951,2026-08-20,05:00,10.97,0.0,0.0,3.45,2
Amiens,49.8941708,2.2956951,2026-08-20,08:00,13.16,0.0,0.0,4.7,3
Amiens,49.8941708,2.2956951,2026-08-20,11:00,20.3,0.0,0.0,6.8,8
Amiens,49.8941708,2.2956951,2026-08-20,14:00,23.88,0.0,0.0,8.88,31
Amiens,49.8941708,2.2956951,2026-08-20,17:00,22.97,0.0,0.0,8.2,80
Amiens,49.8941708,2.2956951,2026-08-20,20:00,20.9,0.0,0.0,6.2,67
Amiens,49.8941708,2.2956951,2026-08-20,23:00,13.96,0.0,0.0,3.25,2
Amiens,49.8941708,2.2956951,2026-08-21,02:00,12.67,0.0,0.0,3.57,1
Amiens,49.8941708,2.2956951,2026-08-21,05:00,11.91,0.0,0.0,3.77,0
Amiens,49.8941708,2.2956951,2026-08-21,08:00,13.31,0.0,0.0,3.83,0
Amiens,49.8941708,2.2956951,2026-08-21,11:00,20.37,0.0,0.0,4.79,0
Amiens,49.8941708,2.2956951,2026-08-21,14:00,22.67,0.92,0.75,6.05,9
Amiens,49.8941708,2.2956951,2026-08-21,17:00,22.92,0.0,0.0,6.92,49
Lille,50.6365654,3.0635282,2026-08-16,20:00,26.09,0.0,0.0,4.17,83
Lille,50.6365654,3.0635282,2026-08-16,23:00,24.17,0.0,0.0,2.81,85
Lille,50.6365654,3.0635282,2026-08-17,02:00,21.74,0.0,0.0,1.01,91
Lille,50.6365654,3.0635282,2026-08-17,05:00,18.45,0.1,0.0,2.07,100
Lille,50.6365654,3.0635282,2026-08-17,08:00,17.56,1.0,2.9,1.97,100
Lille,50.6365654,3.0635282,2026-08-17,11:00,22.17,0.0,0.0,2.73,100
Lille,50.6365654,3.0635282,2026-08-17,14:00,26.41,0.84,0.72,3.55,94
Lille,50.6365654,3.0635282,2026-08-17,17:00,22.79,0.0,0.0,5.21,97
Lille,50.6365654,3.0635282,2026-08-17,20:00,20.32,0.0,0.0,3.84,97
Lille,50.6365654,3.0635282,2026-08-17,23:00,18.9,0.0,0.0,1.69,100
Lille,50.6365654,3.0635282,2026-08-18,02:00,18.1,0.0,0.0,2.02,72
Lille,50.6365654,3.0635282,2026-08-18,05:00,17.51,0.0,0.0,3.55,29
Lille,50.6365654,3.0635282,2026-08-18,08:00,20.16,0.0,0.0,4.46,64
Lille,50.6365654,3.0635282,2026-08-18,11:00,21.69,0.2,0.1,5.56,100
Lille,50.6365654,3.0635282,2026-08-18,14:00,18.93,1.0,1.48,4.39,100
Lille,50.6365654,3.0635282,2026-08-18,17:00,19.21,0.37,0.21,4.63,100
Lille,50.6365654,3.0635282,2026-08-18,20:00,20.54,0.2,0.21,4.35,100
Lille,50.6365654,3.0635282,2026-08-18,23:00,19.12,0.88,0.73,4.83,99
Lille,50.6365654,3.0635282,2026-08-19,02:00,18.43,0.62,0.0,3.98,99
Lille,50.6365654,3.0635282,2026-08-19,05:00,17.79,0.0,0.0,2.19,100
Lille,50.6365654,3.0635282,2026-08-19,08:00,17.37,0.2,0.14,3.12,100
Lille,50.6365654,3.0635282,2026-08-19,11:00,21.69,0.0,0.0,5.97,25
Lille,50.6365654,3.0635282,2026-08-19,14:00,22.94,0.0,0.0,7.16,40
Lille,50.6365654,3.0635282,2026-08-19,17:00,23.51,0.0,0.0,7.71,91
Lille,50.6365654,3.0635282,2026-08-19,20:00,20.89,0.0,0.0,6.0,62
Lille,50.6365654,3.0635282,2026-08-19,23:00,16.39,0.0,0.0,4.76,1
Lille,50.6365654,3.0635282,2026-08-20,02:00,14.58,0.0,0.0,3.69,0
Lille,50.6365654,3.0635282,2026-08-20,05:00,13.92,0.0,0.0,3.85,0
Lille,50.6365654,3.0635282,2026-08-20,08:00,14.54,0.2,0.19,4.79,19
Lille,50.6365654,3.0635282,2026-08-20,11:00,18.92,0.93,0.39,5.86,85
Lille,50.6365654,3.0635282,2026-08-20,14:00,21.62,1.0,1.12,7.47,84
Lille,50.6365654,3.0635282,2026-08-20,17:00,22.64,0.98,0.74,7.9,63
Lille,50.6365654,3.0635282,2026-08-20,20:00,20.04,0.72,0.0,6.19,32
Lille,50.6365654,3.0635282,2026-08-20,23:00,15.76,0.0,0.0,3.83,2
Lille,50.6365654,3.0635282,2026-08-21,02:00,14.6,0.0,0.0,3.41,5
Lille,50.6365654,3.0635282,2026-08-21,05:00,13.82,0.0,0.0,3.2,5
Lille,50.6365654,3.0635282,2026-08-21,08:00,14.4,0.0,0.0,3.15,7
Lille,50.6365654,3.0635282,2026-08-21,11:00,18.33,1.0,0.9,3.86,8
Lille,50.6365654,3.0635282,2026-08-21,14:00,19.39,1.0,2.16,5.01,33
Lille,50.6365654,3.0635282,2026-08-21,17:00,20.47,0.0,0.0,4.02,93
Strasbourg,48.584614,7.7507127,2026-08-16,20:00,29.03,0.0,0.0,3.61,78
Strasbourg,48.584614,7.7507127,2026-08-16,23:00,27.71,1.0,1.56,1.94,75
Strasbourg,48.584614,7.7507127,2026-08-17,02:00,23.75,0.82,0.0,1.57,83
Strasbourg,48.584614,7.7507127,2026-08-17,05:00,19.88,0.0,0.0,3.1,96
Strasbourg,48.584614,7.7507127,2026-08-17,08:00,21.66,0.24,0.37,1.54,99
Strasbourg,48.584614,7.7507127,2026-08-17,11:00,20.34,1.0,4.71,2.41,100
Strasbourg,48.584614,7.7507127,2026-08-17,14:00,23.96,1.0,2.48,2.22,88
Strasbourg,48.584614,7.7507127,2026-08-17,17:00,27.36,0.37,0.2,2.3,60
Strasbourg,48.584614,7.7507127,2026-08-17,20:00,27.75,0.0,0.0,0.74,80
Strasbourg,48.584614,7.7507127,2026-08-17,23:00,22.25,0.36,0.2,0.36,100
Strasbourg,48.584614,7.7507127,2026-08-18,02:00,20.42,0.32,0.43,1.04,96
Strasbourg,48.584614,7.7507127,2026-08-18,05:00,19.16,0.0,0.0,0.45,70
Strasbourg,48.584614,7.7507127,2026-08-18,08:00,21.53,0.0,0.0,0.75,75
Strasbourg,48.584614,7.7507127,2026-08-18,11:00,23.02,0.0,0.0,2.18,73
Strasbourg,48.584614,7.7507127,2026-08-18,14:00,28.31,0.0,0.0,4.47,85
Strasbourg,48.584614,7.7507127,2026-08-18,17:00,28.17,0.0,0.0,5.09,100
Strasbourg,48.584614,7.7507127,2026-08-18,20:00,24.58,0.0,0.0,1.34,100
Strasbourg,48.584614,7.7507127,2026-08-18,23:00,22.71,0.0,0.0,1.0,100
Strasbourg,48.584614,7.7507127,2026-08-19,02:00,20.37,0.0,0.0,1.56,88
Strasbourg,48.584614,7.7507127,2026-08-19,05:00,19.24,0.0,0.0,1.92,53
Strasbourg,48.584614,7.7507127,2026-08-19,08:00,20.08,0.0,0.0,1.18,72
Strasbourg,48.584614,7.7507127,2026-08-19,11:00,21.89,0.92,0.72,4.76,91
Strasbourg,48.584614,7.7507127,2026-08-19,14:00,17.03,1.0,1.04,2.14,97
Strasbourg,48.584614,7.7507127,2026-08-19,17:00,17.47,1.0,2.88,1.26,100
Strasbourg,48.584614,7.7507127,2026-08-19,20:00,17.22,0.8,0.0,2.93,100
Strasbourg,48.584614,7.7507127,2026-08-19,23:00,16.38,0.0,0.0,3.2,100
Strasbourg,48.584614,7.7507127,2026-08-20,02:00,16.5,0.0,0.0,3.09,97
Strasbourg,48.584614,7.7507127,2026-08-20,05:00,15.29,0.0,0.0,2.33,48
Strasbourg,48.584614,7.7507127,2026-08-20,08:00,16.88,0.0,0.0,3.05,63
Strasbourg,48.584614,7.7507127,2026-08-20,11:00,23.31,0.0,0.0,4.48,20
Strasbourg,48.584614,7.7507127,2026-08-20,14:00,27.15,0.23,0.16,6.62,55
Strasbourg,48.584614,7.7507127,2026-08-20,17:00,26.4,0.0,0.0,5.92,99
Strasbourg,48.584614,7.7507127,2026-08-20,20:00,21.85,0.0,0.0,2.46,94
Strasbourg,48.584614,7.7507127,2026-08-20,23:00,17.16,0.0,0.0,2.01,28
Strasbourg,48.584614,7.7507127,2026-08-21,02:00,15.38,0.0,0.0,3.24,54
Strasbourg,48.584614,7.7507127,2026-08-21,05:00,13.99,0.0,0.0,3.12,16
Strasbourg,48.584614,7.7507127,2026-08-21,08:00,15.43,0.0,0.0,2.76,33
Strasbourg,48.584614,7.7507127,2026-08-21,11:00,23.25,0.0,0.0,1.47,17
Strasbourg,48.584614,7.7507127,2026-08-21,14:00,26.5,0.0,0.0,5.59,31
Strasbourg,48.584614,7.7507127,2026-08-21,17:00,27.31,0.0,0.0,5.21,12
Chateau du Haut Koenigsbourg,48.249382,7.3439412,2026-08-16,20:00,23.9,0.0,0.0,2.48,84
Chateau du Haut Koenigsbourg,48.249382,7.3439412,2026-08-16,23:00,23.31,1.0,0.59,1.7,78
Chateau du Haut Koenigsbourg,48.249382,7.3439412,2026-08-17,02:00,20.19,1.0,0.46,1.7,84
Chateau du Haut Koenigsbourg,48.249382,7.3439412,2026-08-17,05:00,17.09,0.13,0.0,0.98,98
Chateau du Haut Koenigsbourg,48.249382,7.3439412,2026-08-17,08:00,18.02,0.22,0.34,2.08,97
Chateau du Haut Koenigsbourg,48.249382,7.3439412,2026-08-17,11:00,16.4,1.0,2.05,0.74,100
Chateau du Haut Koenigsbourg,48.249382,7.3439412,2026-08-17,14:00,21.05,1.0,1.08,1.27,97
Chateau du Haut Koenigsbourg,48.249382,7.3439412,2026-08-17,17:00,25.52,0.99,1.27,2.08,70
Chateau du Haut Koenigsbourg,48.249382,7.3439412,2026-08-17,20:00,25.68,0.87,0.0,0.96,85
Chateau du Haut Koenigsbourg,48.249382,7.3439412,2026-08-17,23:00,19.88,0.0,0.0,1.65,100
Chateau du Haut Koenigsbourg,48.249382,7.3439412,2026-08-18,02:00,17.82,0.0,0.0,1.07,97
Chateau du Haut Koenigsbourg,48.249382,7.3439412,2026-08-18,05:00,16.26,0.0,0.0,1.46,68
Chateau du Haut Koenigsbourg,48.249382,7.3439412,2026-08-18,08:00,18.76,0.0,0.0,1.18,50
Chateau du Haut Koenigsbourg,48.249382,7.3439412,2026-08-18,11:00,20.83,0.0,0.0,1.19,71
Chateau du Haut Koenigsbourg,48.249382,7.3439412,2026-08-18,14:00,25.5,0.0,0.0,3.58,82
Chateau du Haut Koenigsbourg,48.249382,7.3439412,2026-08-18,17:00,26.53,0.0,0.0,4.41,99
Chateau du Haut Koenigsbourg,48.249382,7.3439412,2026-08-18,20:00,22.55,0.0,0.0,2.28,100
Chateau du Haut Koenigsbourg,48.249382,7.3439412,2026-08-18,23:00,18.99,0.0,0.0,2.06,100
Chateau du Haut Koenigsbourg,48.249382,7.3439412,2026-08-19,02:00,16.33,0.0,0.0,1.99,98
Chateau du Haut Koenigsbourg,48.249382,7.3439412,2026-08-19,05:00,15.21,0.0,0.0,2.09,35
Chateau du Haut Koenigsbourg,48.249382,7.3439412,2026-08-19,08:00,16.84,0.0,0.0,1.59,25
Chateau du Haut Koenigsbourg,48.249382,7.3439412,2026-08-19,11:00,22.74,0.0,0.0,3.97,8
Chateau du Haut Koenigsbourg,48.249382,7.3439412,2026-08-19,14:00,17.49,0.29,0.1,4.17,49
Chateau du Haut Koenigsbourg,48.249382,7.3439412,2026-08-19,17:00,13.67,1.0,4.16,0.39,100
Chateau du Haut Koenigsbourg,48.249382,7.3439412,2026-08-19,20:00,14.42,1.0,0.8,0.65,100
Chateau du Haut Koenigsbourg,48.249382,7.3439412,2026-08-19,23:00,13.34,0.0,0.0,1.55,100
Chateau du Haut Koenigsbourg,48.249382,7.3439412,2026-08-20,02:00,13.26,0.0,0.0,1.82,100
Chateau du Haut Koenigsbourg,48.249382,7.3439412,2026-08-20,05:00,11.92,0.0,0.0,1.84,36
Chateau du Haut Koenigsbourg,48.249382,7.3439412,2026-08-20,08:00,15.04,0.0,0.0,1.14,46
Chateau du Haut Koenigsbourg,48.249382,7.3439412,2026-08-20,11:00,19.06,0.2,0.13,2.67,91
Chateau du Haut Koenigsbourg,48.249382,7.3439412,2026-08-20,14:00,22.83,0.2,0.11,5.57,89
Chateau du Haut Koenigsbourg,48.249382,7.3439412,2026-08-20,17:00,22.57,0.0,0.0,4.17,100
Chateau du Haut Koenigsbourg,48.249382,7.3439412,2026-08-20,20:00,17.77,0.0,0.0,2.13,94
Chateau du Haut Koenigsbourg,48.249382,7.3439412,2026-08-20,23:00,12.93,0.0,0.0,2.45,57
Chateau du Haut Koenigsbourg,48.249382,7.3439412,2026-08-21,02:00,12.25,0.0,0.0,2.23,63
Chateau du Haut Koenigsbourg,48.249382,7.3439412,2026-08-21,05:00,11.9,0.0,0.0,2.18,17
Chateau du Haut Koenigsbourg,48.249382,7.3439412,2026-08-21,08:00,13.83,0.0,0.0,1.69,57
Chateau du Haut Koenigsbourg,48.249382,7.3439412,2026-08-21,11:00,20.85,0.0,0.0,2.23,39
Chateau du Haut Koenigsbourg,48.249382,7.3439412,2026-08-21,14:00,23.13,0.0,0.0,4.57,25
Chateau du Haut Koenigsbourg,48.249382,7.3439412,2026-08-21,17:00,24.0,0.0,0.0,4.07,6
Colmar,48.0777517,7.3579641,2026-08-16,20:00,26.94,0.0,0.0,2.35,88
Colmar,48.0777517,7.3579641,2026-08-16,23:00,26.13,1.0,0.96,1.66,78
Colmar,48.0777517,7.3579641,2026-08-17,02:00,22.98,1.0,0.81,1.63,79
Colmar,48.0777517,7.3579641,2026-08-17,05:00,19.68,0.73,0.49,0.66,100
Colmar,48.0777517,7.3579641,2026-08-17,08:00,19.8,0.82,0.5,1.66,99
Colmar,48.0777517,7.3579641,2026-08-17,11:00,17.54,1.0,2.59,1.44,100
Colmar,48.0777517,7.3579641,2026-08-17,14:00,23.21,1.0,1.5,1.83,99
Colmar,48.0777517,7.3579641,2026-08-17,17:00,28.46,1.0,1.94,1.79,85
Colmar,48.0777517,7.3579641,2026-08-17,20:00,28.57,1.0,0.3,1.59,93
Colmar,48.0777517,7.3579641,2026-08-17,23:00,22.56,0.0,0.0,1.7,100
Colmar,48.0777517,7.3579641,2026-08-18,02:00,20.49,0.0,0.0,1.38,89
Colmar,48.0777517,7.3579641,2026-08-18,05:00,18.81,0.0,0.0,1.27,45
Colmar,48.0777517,7.3579641,2026-08-18,08:00,21.35,0.0,0.0,0.77,36
Colmar,48.0777517,7.3579641,2026-08-18,11:00,23.56,0.0,0.0,1.39,75
Colmar,48.0777517,7.3579641,2026-08-18,14:00,28.31,0.0,0.0,2.18,86
Colmar,48.0777517,7.3579641,2026-08-18,17:00,29.41,0.0,0.0,4.26,99
Colmar,48.0777517,7.3579641,2026-08-18,20:00,25.09,0.0,0.0,2.44,99
Colmar,48.0777517,7.3579641,2026-08-18,23:00,21.93,0.0,0.0,2.02,100
Colmar,48.0777517,7.3579641,2026-08-19,02:00,19.27,0.0,0.0,1.94,98
Colmar,48.0777517,7.3579641,2026-08-19,05:00,18.17,0.0,0.0,1.82,38
Colmar,48.0777517,7.3579641,2026-08-19,08:00,20.01,0.0,0.0,1.19,20
Colmar,48.0777517,7.3579641,2026-08-19,11:00,27.08,0.0,0.0,2.9,0
Colmar,48.0777517,7.3579641,2026-08-19,14:00,24.04,0.0,0.0,3.99,25
Colmar,48.0777517,7.3579641,2026-08-19,17:00,16.89,1.0,3.11,1.67,99
Colmar,48.0777517,7.3579641,2026-08-19,20:00,17.31,1.0,1.36,0.44,100
Colmar,48.0777517,7.3579641,2026-08-19,23:00,16.11,0.0,0.0,1.3,100
Colmar,48.0777517,7.3579641,2026-08-20,02:00,15.26,0.0,0.0,2.24,98
Colmar,48.0777517,7.3579641,2026-08-20,05:00,15.04,0.2,0.21,1.91,49
Colmar,48.0777517,7.3579641,2026-08-20,08:00,17.61,0.0,0.0,1.59,59
Colmar,48.0777517,7.3579641,2026-08-20,11:00,20.39,0.0,0.0,2.85,97
Colmar,48.0777517,7.3579641,2026-08-20,14:00,25.43,0.0,0.0,4.11,94
Colmar,48.0777517,7.3579641,2026-08-20,17:00,25.77,0.0,0.0,3.52,100
Colmar,48.0777517,7.3579641,2026-08-20,20:00,20.5,0.0,0.0,2.14,99
Colmar,48.0777517,7.3579641,2026-08-20,23:00,15.83,0.0,0.0,2.67,39
Colmar,48.0777517,7.3579641,2026-08-21,02:00,14.97,0.0,0.0,2.35,42
Colmar,48.0777517,7.3579641,2026-08-21,05:00,14.56,0.0,0.0,2.24,3
Colmar,48.0777517,7.3579641,2026-08-21,08:00,16.61,0.0,0.0,2.08,49
Colmar,48.0777517,7.3579641,2026-08-21,11:00,24.38,0.0,0.0,1.11,40
Colmar,48.0777517,7.3579641,2026-08-21,14:00,26.14,0.0,0.0,4.48,22
Colmar,48.0777517,7.3579641,2026-08-21,17:00,26.85,0.0,0.0,3.82,4
Eguisheim,48.0447968,7.3079618,2026-08-16,20:00,29.85,0.0,0.0,2.21,87
Eguisheim,48.0447968,7.3079618,2026-08-16,23:00,28.03,1.0,0.96,2.07,76
Eguisheim,48.0447968,7.3079618,2026-08-17,02:00,23.79,1.0,0.95,1.69,77
Eguisheim,48.0447968,7.3079618,2026-08-17,05:00,19.38,0.92,0.64,0.81,100
Eguisheim,48.0447968,7.3079618,2026-08-17,08:00,20.16,0.99,0.54,1.5,99
Eguisheim,48.0447968,7.3079618,2026-08-17,11:00,18.5,1.0,2.23,1.53,100
Eguisheim,48.0447968,7.3079618,2026-08-17,14:00,22.57,1.0,1.57,1.69,100
Eguisheim,48.0447968,7.3079618,2026-08-17,17:00,28.25,1.0,2.17,1.7,92
Eguisheim,48.0447968,7.3079618,2026-08-17,20:00,28.31,1.0,0.47,1.63,96
Eguisheim,48.0447968,7.3079618,2026-08-17,23:00,22.32,0.0,0.0,1.74,100
Eguisheim,48.0447968,7.3079618,2026-08-18,02:00,20.25,0.0,0.0,1.65,84
Eguisheim,48.0447968,7.3079618,2026-08-18,05:00,18.48,0.0,0.0,1.33,36
Eguisheim,48.0447968,7.3079618,2026-08-18,08:00,21.02,0.0,0.0,0.79,33
Eguisheim,48.0447968,7.3079618,2026-08-18,11:00,23.61,0.0,0.0,1.39,73
Eguisheim,48.0447968,7.3079618,2026-08-18,14:00,27.95,0.0,0.0,2.22,85
Eguisheim,48.0447968,7.3079618,2026-08-18,17:00,29.02,0.0,0.0,4.13,100
Eguisheim,48.0447968,7.3079618,2026-08-18,20:00,24.67,0.0,0.0,2.41,99
Eguisheim,48.0447968,7.3079618,2026-08-18,23:00,21.81,0.0,0.0,2.22,100
Eguisheim,48.0447968,7.3079618,2026-08-19,02:00,19.16,0.0,0.0,1.95,98
Eguisheim,48.0447968,7.3079618,2026-08-19,05:00,18.17,0.0,0.0,1.8,48
Eguisheim,48.0447968,7.3079618,2026-08-19,08:00,19.93,0.0,0.0,1.18,26
Eguisheim,48.0447968,7.3079618,2026-08-19,11:00,26.84,0.0,0.0,2.93,2
Eguisheim,48.0447968,7.3079618,2026-08-19,14:00,25.0,0.0,0.0,3.76,17
Eguisheim,48.0447968,7.3079618,2026-08-19,17:00,17.06,1.0,2.61,1.88,99
Eguisheim,48.0447968,7.3079618,2026-08-19,20:00,17.17,1.0,1.44,0.72,100
Eguisheim,48.0447968,7.3079618,2026-08-19,23:00,15.81,0.01,0.0,1.19,100
Eguisheim,48.0447968,7.3079618,2026-08-20,02:00,14.98,0.0,0.0,2.17,99
Eguisheim,48.0447968,7.3079618,2026-08-20,05:00,14.98,0.2,0.24,1.96,48
Eguisheim,48.0447968,7.3079618,2026-08-20,08:00,17.41,0.0,0.0,1.58,62
Eguisheim,48.0447968,7.3079618,2026-08-20,11:00,19.68,0.0,0.0,2.63,99
Eguisheim,48.0447968,7.3079618,2026-08-20,14:00,24.83,0.0,0.0,3.74,97
Eguisheim,48.0447968,7.3079618,2026-08-20,17:00,25.45,0.0,0.0,3.52,100
Eguisheim,48.0447968,7.3079618,2026-08-20,20:00,20.21,0.0,0.0,2.14,99
Eguisheim,48.0447968,7.3079618,2026-08-20,23:00,15.61,0.0,0.0,2.59,28
Eguisheim,48.0447968,7.3079618,2026-08-21,02:00,14.89,0.0,0.0,2.39,35
Eguisheim,48.0447968,7.3079618,2026-08-21,05:00,14.51,0.0,0.0,2.2,2
Eguisheim,48.0447968,7.3079618,2026-08-21,08:00,16.43,0.0,0.0,2.1,49
Eguisheim,48.0447968,7.3079618,2026-08-21,11:00,24.19,0.0,0.0,1.26,38
Eguisheim,48.0447968,7.3079618,2026-08-21,14:00,25.71,0.0,0.0,4.36,20
Eguisheim,48.0447968,7.3079618,2026-08-21,17:00,26.44,0.0,0.0,3.85,3
Besancon,47.2380222,6.0243622,2026-08-16,20:00,30.8,0.0,0.0,1.71,81
Besancon,47.2380222,6.0243622,2026-08-16,23:00,27.25,0.96,0.76,2.15,65
Besancon,47.2380222,6.0243622,2026-08-17,02:00,24.39,1.0,2.11,2.21,68
Besancon,47.2380222,6.0243622,2026-08-17,05:00,17.12,0.56,0.25,1.95,99
Besancon,47.2380222,6.0243622,2026-08-17,08:00,21.95,0.0,0.0,1.61,100
Besancon,47.2380222,6.0243622,2026-08-17,11:00,24.25,0.49,0.26,2.43,100
Besancon,47.2380222,6.0243622,2026-08-17,14:00,25.71,0.87,0.39,3.21,100
Besancon,47.2380222,6.0243622,2026-08-17,17:00,26.3,1.0,2.22,1.35,100
Besancon,47.2380222,6.0243622,2026-08-17,20:00,23.79,1.0,0.72,0.92,100
Besancon,47.2380222,6.0243622,2026-08-17,23:00,18.4,0.0,0.0,1.61,100
Besancon,47.2380222,6.0243622,2026-08-18,02:00,21.06,0.0,0.0,1.17,99
Besancon,47.2380222,6.0243622,2026-08-18,05:00,18.88,0.0,0.0,1.32,31
Besancon,47.2380222,6.0243622,2026-08-18,08:00,20.68,0.0,0.0,1.33,50
Besancon,47.2380222,6.0243622,2026-08-18,11:00,24.02,0.0,0.0,2.57,41
Besancon,47.2380222,6.0243622,2026-08-18,14:00,28.0,0.0,0.0,2.88,70
Besancon,47.2380222,6.0243622,2026-08-18,17:00,30.41,0.0,0.0,2.56,91
Besancon,47.2380222,6.0243622,2026-08-18,20:00,25.09,0.0,0.0,1.27,95
Besancon,47.2380222,6.0243622,2026-08-18,23:00,20.35,0.0,0.0,1.98,80
Besancon,47.2380222,6.0243622,2026-08-19,02:00,18.83,0.0,0.0,2.02,80
Besancon,47.2380222,6.0243622,2026-08-19,05:00,17.87,0.0,0.0,1.89,100
Besancon,47.2380222,6.0243622,2026-08-19,08:00,18.76,0.0,0.0,2.5,58
Besancon,47.2380222,6.0243622,2026-08-19,11:00,24.85,0.0,0.0,4.1,2
Besancon,47.2380222,6.0243622,2026-08-19,14:00,28.64,0.0,0.0,4.33,11
Besancon,47.2380222,6.0243622,2026-08-19,17:00,22.76,0.36,0.15,4.43,76
Besancon,47.2380222,6.0243622,2026-08-19,20:00,17.16,1.0,1.8,0.51,85
Besancon,47.2380222,6.0243622,2026-08-19,23:00,17.26,1.0,1.35,1.6,100
Besancon,47.2380222,6.0243622,2026-08-20,02:00,16.69,1.0,0.15,1.57,90
Besancon,47.2380222,6.0243622,2026-08-20,05:00,16.44,0.0,0.0,2.19,85
Besancon,47.2380222,6.0243622,2026-08-20,08:00,17.51,0.0,0.0,2.64,92
Besancon,47.2380222,6.0243622,2026-08-20,11:00,18.76,0.0,0.0,3.61,97
Besancon,47.2380222,6.0243622,2026-08-20,14:00,24.54,0.2,0.16,5.66,99
Besancon,47.2380222,6.0243622,2026-08-20,17:00,24.66,0.0,0.0,4.99,100
Besancon,47.2380222,6.0243622,2026-08-20,20:00,20.37,0.02,0.0,2.06,85
Besancon,47.2380222,6.0243622,2026-08-20,23:00,15.55,0.0,0.0,2.17,18
Besancon,47.2380222,6.0243622,2026-08-21,02:00,14.09,0.0,0.0,1.84,26
Besancon,47.2380222,6.0243622,2026-08-21,05:00,12.67,0.0,0.0,1.9,6
Besancon,47.2380222,6.0243622,2026-08-21,08:00,14.45,0.0,0.0,1.81,47
Besancon,47.2380222,6.0243622,2026-08-21,11:00,20.79,0.0,0.0,3.31,21
Besancon,47.2380222,6.0243622,2026-08-21,14:00,24.87,0.0,0.0,2.94,12
Besancon,47.2380222,6.0243622,2026-08-21,17:00,26.73,0.0,0.0,4.1,13
Dijon,47.3215806,5.0414701,2026-08-16,20:00,30.8,0.2,0.38,3.92,70
Dijon,47.3215806,5.0414701,2026-08-16,23:00,27.61,0.42,0.26,1.78,70
Dijon,47.3215806,5.0414701,2026-08-17,02:00,23.94,1.0,1.2,0.95,69
Dijon,47.3215806,5.0414701,2026-08-17,05:00,19.26,0.84,0.51,1.75,99
Dijon,47.3215806,5.0414701,2026-08-17,08:00,21.69,0.59,0.1,1.36,99
Dijon,47.3215806,5.0414701,2026-08-17,11:00,24.49,0.73,0.43,2.62,100
Dijon,47.3215806,5.0414701,2026-08-17,14:00,25.81,1.0,1.66,4.88,100
Dijon,47.3215806,5.0414701,2026-08-17,17:00,28.7,0.0,0.0,5.52,97
Dijon,47.3215806,5.0414701,2026-08-17,20:00,25.81,0.0,0.0,4.86,94
Dijon,47.3215806,5.0414701,2026-08-17,23:00,20.44,0.0,0.0,2.07,100
Dijon,47.3215806,5.0414701,2026-08-18,02:00,20.21,0.0,0.0,2.27,74
Dijon,47.3215806,5.0414701,2026-08-18,05:00,18.56,0.0,0.0,2.77,11
Dijon,47.3215806,5.0414701,2026-08-18,08:00,20.27,0.0,0.0,1.95,31
Dijon,47.3215806,5.0414701,2026-08-18,11:00,25.32,0.0,0.0,2.76,73
Dijon,47.3215806,5.0414701,2026-08-18,14:00,29.64,0.0,0.0,3.62,77
Dijon,47.3215806,5.0414701,2026-08-18,17:00,31.01,0.0,0.0,4.82,76
Dijon,47.3215806,5.0414701,2026-08-18,20:00,27.57,0.0,0.0,3.22,88
Dijon,47.3215806,5.0414701,2026-08-18,23:00,22.18,0.0,0.0,2.58,100
Dijon,47.3215806,5.0414701,2026-08-19,02:00,20.54,0.0,0.0,1.99,84
Dijon,47.3215806,5.0414701,2026-08-19,05:00,18.33,0.0,0.0,1.65,61
Dijon,47.3215806,5.0414701,2026-08-19,08:00,19.74,0.0,0.0,1.51,34
Dijon,47.3215806,5.0414701,2026-08-19,11:00,25.57,0.0,0.0,4.43,1
Dijon,47.3215806,5.0414701,2026-08-19,14:00,24.26,0.0,0.0,6.82,28
Dijon,47.3215806,5.0414701,2026-08-19,17:00,18.37,0.62,0.36,4.74,72
Dijon,47.3215806,5.0414701,2026-08-19,20:00,17.41,0.98,0.75,1.8,86
Dijon,47.3215806,5.0414701,2026-08-19,23:00,16.21,0.79,0.59,1.66,100
Dijon,47.3215806,5.0414701,2026-08-20,02:00,16.12,0.4,0.0,2.65,94
Dijon,47.3215806,5.0414701,2026-08-20,05:00,16.99,0.0,0.0,2.55,82
Dijon,47.3215806,5.0414701,2026-08-20,08:00,17.28,0.0,0.0,2.67,90
Dijon,47.3215806,5.0414701,2026-08-20,11:00,21.48,0.0,0.0,4.37,100
Dijon,47.3215806,5.0414701,2026-08-20,14:00,25.9,0.0,0.0,5.38,100
Dijon,47.3215806,5.0414701,2026-08-20,17:00,24.12,0.0,0.0,5.82,100
Dijon,47.3215806,5.0414701,2026-08-20,20:00,22.8,0.0,0.0,4.66,98
Dijon,47.3215806,5.0414701,2026-08-20,23:00,16.52,0.0,0.0,2.67,58
Dijon,47.3215806,5.0414701,2026-08-21,02:00,15.13,0.0,0.0,2.65,30
Dijon,47.3215806,5.0414701,2026-08-21,05:00,13.24,0.0,0.0,2.05,9
Dijon,47.3215806,5.0414701,2026-08-21,08:00,15.01,0.0,0.0,2.03,31
Dijon,47.3215806,5.0414701,2026-08-21,11:00,22.26,0.0,0.0,3.67,7
Dijon,47.3215806,5.0414701,2026-08-21,14:00,25.9,0.0,0.0,4.41,6
Dijon,47.3215806,5.0414701,2026-08-21,17:00,26.64,0.0,0.0,4.66,42
Annecy,45.8992348,6.1288847,2026-08-16,20:00,32.08,0.0,0.0,0.38,96
Annecy,45.8992348,6.1288847,2026-08-16,23:00,29.28,1.0,4.24,1.5,93
Annecy,45.8992348,6.1288847,2026-08-17,02:00,25.52,1.0,0.35,1.4,95
Annecy,45.8992348,6.1288847,2026-08-17,05:00,20.36,0.0,0.0,1.3,90
Annecy,45.8992348,6.1288847,2026-08-17,08:00,21.54,0.0,0.0,0.99,94
Annecy,45.8992348,6.1288847,2026-08-17,11:00,25.81,0.35,0.18,0.84,100
Annecy,45.8992348,6.1288847,2026-08-17,14:00,28.49,1.0,2.59,0.7,100
Annecy,45.8992348,6.1288847,2026-08-17,17:00,29.39,1.0,1.84,1.24,100
Annecy,45.8992348,6.1288847,2026-08-17,20:00,25.76,1.0,1.53,1.83,95
Annecy,45.8992348,6.1288847,2026-08-17,23:00,22.83,0.0,0.0,1.51,71
Annecy,45.8992348,6.1288847,2026-08-18,02:00,21.36,0.0,0.0,1.36,73
Annecy,45.8992348,6.1288847,2026-08-18,05:00,19.35,0.0,0.0,1.3,20
Annecy,45.8992348,6.1288847,2026-08-18,08:00,20.63,0.0,0.0,1.05,30
Annecy,45.8992348,6.1288847,2026-08-18,11:00,25.47,0.0,0.0,1.52,78
Annecy,45.8992348,6.1288847,2026-08-18,14:00,27.82,0.0,0.0,1.28,89
Annecy,45.8992348,6.1288847,2026-08-18,17:00,28.99,0.0,0.0,1.39,82
Annecy,45.8992348,6.1288847,2026-08-18,20:00,23.25,0.0,0.0,0.69,82
Annecy,45.8992348,6.1288847,2026-08-18,23:00,19.66,0.0,0.0,1.56,86
Annecy,45.8992348,6.1288847,2026-08-19,02:00,18.5,0.0,0.0,1.68,94
Annecy,45.8992348,6.1288847,2026-08-19,05:00,17.34,0.0,0.0,1.78,88
Annecy,45.8992348,6.1288847,2026-08-19,08:00,19.12,0.0,0.0,1.51,73
Annecy,45.8992348,6.1288847,2026-08-19,11:00,26.79,0.0,0.0,1.53,26
Annecy,45.8992348,6.1288847,2026-08-19,14:00,30.25,0.0,0.0,2.16,13
Annecy,45.8992348,6.1288847,2026-08-19,17:00,30.39,0.0,0.0,2.37,0
Annecy,45.8992348,6.1288847,2026-08-19,20:00,23.91,0.0,0.0,0.74,0
Annecy,45.8992348,6.1288847,2026-08-19,23:00,20.09,0.0,0.0,1.09,35
Annecy,45.8992348,6.1288847,2026-08-20,02:00,16.75,0.0,0.0,0.36,69
Annecy,45.8992348,6.1288847,2026-08-20,05:00,16.01,0.33,0.25,1.18,62
Annecy,45.8992348,6.1288847,2026-08-20,08:00,17.93,0.0,0.0,0.96,38
Annecy,45.8992348,6.1288847,2026-08-20,11:00,25.52,0.0,0.0,1.62,9
Annecy,45.8992348,6.1288847,2026-08-20,14:00,29.4,0.0,0.0,2.63,30
Annecy,45.8992348,6.1288847,2026-08-20,17:00,26.51,0.0,0.0,2.11,91
Annecy,45.8992348,6.1288847,2026-08-20,20:00,21.3,0.32,0.43,1.58,92
Annecy,45.8992348,6.1288847,2026-08-20,23:00,17.48,1.0,1.17,0.56,94
Annecy,45.8992348,6.1288847,2026-08-21,02:00,16.44,1.0,0.67,0.8,69
Annecy,45.8992348,6.1288847,2026-08-21,05:00,16.09,0.5,0.48,1.16,59
Annecy,45.8992348,6.1288847,2026-08-21,08:00,16.95,0.41,0.14,0.83,64
Annecy,45.8992348,6.1288847,2026-08-21,11:00,22.35,0.0,0.0,1.05,80
Annecy,45.8992348,6.1288847,2026-08-21,14:00,25.96,0.3,0.21,1.87,86
Annecy,45.8992348,6.1288847,2026-08-21,17:00,25.68,0.08,0.0,2.47,100
Grenoble,45.1875602,5.7357819,2026-08-16,20:00,29.97,0.37,0.47,1.75,95
Grenoble,45.1875602,5.7357819,2026-08-16,23:00,28.41,1.0,2.18,0.53,94
Grenoble,45.1875602,5.7357819,2026-08-17,02:00,26.58,1.0,0.29,0.65,92
Grenoble,45.1875602,5.7357819,2026-08-17,05:00,23.11,0.0,0.0,0.87,61
Grenoble,45.1875602,5.7357819,2026-08-17,08:00,24.94,0.0,0.0,0.97,58
Grenoble,45.1875602,5.7357819,2026-08-17,11:00,29.16,0.34,0.13,2.24,70
Grenoble,45.1875602,5.7357819,2026-08-17,14:00,31.7,0.94,0.92,3.09,85
Grenoble,45.1875602,5.7357819,2026-08-17,17:00,33.87,0.96,0.51,2.84,100
Grenoble,45.1875602,5.7357819,2026-08-17,20:00,30.59,0.83,0.24,2.04,93
Grenoble,45.1875602,5.7357819,2026-08-17,23:00,25.3,0.0,0.0,1.87,33
Grenoble,45.1875602,5.7357819,2026-08-18,02:00,24.77,0.0,0.0,1.91,64
Grenoble,45.1875602,5.7357819,2026-08-18,05:00,22.7,0.0,0.0,1.79,11
Grenoble,45.1875602,5.7357819,2026-08-18,08:00,24.76,0.0,0.0,1.52,13
Grenoble,45.1875602,5.7357819,2026-08-18,11:00,27.28,0.0,0.0,2.75,100
Grenoble,45.1875602,5.7357819,2026-08-18,14:00,30.08,0.0,0.0,2.94,79
Grenoble,45.1875602,5.7357819,2026-08-18,17:00,30.46,0.0,0.0,2.48,93
Grenoble,45.1875602,5.7357819,2026-08-18,20:00,25.0,0.0,0.0,1.66,82
Grenoble,45.1875602,5.7357819,2026-08-18,23:00,21.1,0.0,0.0,1.17,91
Grenoble,45.1875602,5.7357819,2026-08-19,02:00,19.99,0.0,0.0,1.34,96
Grenoble,45.1875602,5.7357819,2026-08-19,05:00,18.81,0.0,0.0,1.32,51
Grenoble,45.1875602,5.7357819,2026-08-19,08:00,21.04,0.0,0.0,1.16,61
Grenoble,45.1875602,5.7357819,2026-08-19,11:00,29.99,0.0,0.0,1.1,3
Grenoble,45.1875602,5.7357819,2026-08-19,14:00,33.22,0.0,0.0,2.04,3
Grenoble,45.1875602,5.7357819,2026-08-19,17:00,33.68,0.0,0.0,1.63,4
Grenoble,45.1875602,5.7357819,2026-08-19,20:00,27.59,0.0,0.0,0.75,2
Grenoble,45.1875602,5.7357819,2026-08-19,23:00,22.09,0.0,0.0,0.71,28
Grenoble,45.1875602,5.7357819,2026-08-20,02:00,21.3,0.0,0.0,0.63,64
Grenoble,45.1875602,5.7357819,2026-08-20,05:00,18.5,0.0,0.0,0.68,81
Grenoble,45.1875602,5.7357819,2026-08-20,08:00,20.5,0.0,0.0,0.92,64
Grenoble,45.1875602,5.7357819,2026-08-20,11:00,28.72,0.0,0.0,0.81,16
Grenoble,45.1875602,5.7357819,2026-08-20,14:00,33.12,0.0,0.0,1.7,41
Grenoble,45.1875602,5.7357819,2026-08-20,17:00,31.04,0.05,0.0,2.62,82
Grenoble,45.1875602,5.7357819,2026-08-20,20:00,20.96,1.0,1.89,2.37,74
Grenoble,45.1875602,5.7357819,2026-08-20,23:00,18.99,0.99,1.77,0.28,94
Grenoble,45.1875602,5.7357819,2026-08-21,02:00,18.62,1.0,1.58,1.25,95
Grenoble,45.1875602,5.7357819,2026-08-21,05:00,17.66,0.25,0.1,0.73,79
Grenoble,45.1875602,5.7357819,2026-08-21,08:00,18.93,0.28,0.22,0.62,74
Grenoble,45.1875602,5.7357819,2026-08-21,11:00,24.42,0.0,0.0,1.71,99
Grenoble,45.1875602,5.7357819,2026-08-21,14:00,27.96,0.13,0.0,2.51,100
Grenoble,45.1875602,5.7357819,2026-08-21,17:00,27.39,0.25,0.0,2.14,100
Lyon,45.7578137,4.8320114,2026-08-16,20:00,32.13,0.15,0.0,6.16,94
Lyon,45.7578137,4.8320114,2026-08-16,23:00,29.65,0.94,0.55,3.12,96
Lyon,45.7578137,4.8320114,2026-08-17,02:00,27.15,0.39,0.0,1.23,88
Lyon,45.7578137,4.8320114,2026-08-17,05:00,22.06,0.0,0.0,0.4,89
Lyon,45.7578137,4.8320114,2026-08-17,08:00,23.32,0.0,0.0,0.85,92
Lyon,45.7578137,4.8320114,2026-08-17,11:00,26.0,0.0,0.0,1.08,100
Lyon,45.7578137,4.8320114,2026-08-17,14:00,27.19,0.0,0.0,4.99,100
Lyon,45.7578137,4.8320114,2026-08-17,17:00,33.24,0.0,0.0,4.3,100
Lyon,45.7578137,4.8320114,2026-08-17,20:00,31.7,0.0,0.0,3.14,99
Lyon,45.7578137,4.8320114,2026-08-17,23:00,27.75,0.0,0.0,0.13,100
Lyon,45.7578137,4.8320114,2026-08-18,02:00,25.25,0.0,0.0,1.15,100
Lyon,45.7578137,4.8320114,2026-08-18,05:00,21.36,0.0,0.0,1.83,1
Lyon,45.7578137,4.8320114,2026-08-18,08:00,22.43,0.0,0.0,1.41,20
Lyon,45.7578137,4.8320114,2026-08-18,11:00,27.66,0.0,0.0,3.12,90
Lyon,45.7578137,4.8320114,2026-08-18,14:00,30.98,0.0,0.0,4.25,95
Lyon,45.7578137,4.8320114,2026-08-18,17:00,31.9,0.0,0.0,3.89,100
Lyon,45.7578137,4.8320114,2026-08-18,20:00,30.11,0.0,0.0,2.84,87
Lyon,45.7578137,4.8320114,2026-08-18,23:00,25.26,0.0,0.0,1.02,96
Lyon,45.7578137,4.8320114,2026-08-19,02:00,23.29,0.0,0.0,1.26,98
Lyon,45.7578137,4.8320114,2026-08-19,05:00,21.69,0.0,0.0,1.31,71
Lyon,45.7578137,4.8320114,2026-08-19,08:00,22.31,0.0,0.0,0.36,69
Lyon,45.7578137,4.8320114,2026-08-19,11:00,29.03,0.0,0.0,1.02,0
Lyon,45.7578137,4.8320114,2026-08-19,14:00,33.25,0.0,0.0,1.92,0
Lyon,45.7578137,4.8320114,2026-08-19,17:00,34.48,0.0,0.0,3.5,2
Lyon,45.7578137,4.8320114,2026-08-19,20:00,30.04,0.0,0.0,5.89,17
Lyon,45.7578137,4.8320114,2026-08-19,23:00,20.6,0.0,0.0,3.69,87
Lyon,45.7578137,4.8320114,2026-08-20,02:00,19.61,0.2,0.15,1.45,94
Lyon,45.7578137,4.8320114,2026-08-20,05:00,19.11,0.2,0.15,0.83,91
Lyon,45.7578137,4.8320114,2026-08-20,08:00,19.78,0.0,0.0,0.16,53
Lyon,45.7578137,4.8320114,2026-08-20,11:00,26.17,0.0,0.0,1.29,11
Lyon,45.7578137,4.8320114,2026-08-20,14:00,32.02,0.0,0.0,1.11,42
Lyon,45.7578137,4.8320114,2026-08-20,17:00,26.83,0.4,0.36,3.57,100
Lyon,45.7578137,4.8320114,2026-08-20,20:00,22.33,1.0,2.32,1.35,91
Lyon,45.7578137,4.8320114,2026-08-20,23:00,20.57,0.77,0.39,0.7,48
Lyon,45.7578137,4.8320114,2026-08-21,02:00,18.46,0.24,0.0,1.29,31
Lyon,45.7578137,4.8320114,2026-08-21,05:00,17.44,0.0,0.0,1.86,49
Lyon,45.7578137,4.8320114,2026-08-21,08:00,17.36,0.0,0.0,1.44,31
Lyon,45.7578137,4.8320114,2026-08-21,11:00,22.67,0.0,0.0,2.17,63
Lyon,45.7578137,4.8320114,2026-08-21,14:00,28.01,0.0,0.0,1.72,45
Lyon,45.7578137,4.8320114,2026-08-21,17:00,29.89,0.0,0.0,2.66,53
Gorges du Verdon,43.7496562,6.3285616,2026-08-16,20:00,25.53,1.0,2.4,2.85,41
Gorges du Verdon,43.7496562,6.3285616,2026-08-16,23:00,23.63,1.0,2.02,2.39,54
Gorges du Verdon,43.7496562,6.3285616,2026-08-17,02:00,20.08,0.8,0.0,2.04,71
Gorges du Verdon,43.7496562,6.3285616,2026-08-17,05:00,15.85,0.0,0.0,1.85,54
Gorges du Verdon,43.7496562,6.3285616,2026-08-17,08:00,18.45,0.0,0.0,1.62,53
Gorges du Verdon,43.7496562,6.3285616,2026-08-17,11:00,25.12,0.0,0.0,3.54,35
Gorges du Verdon,43.7496562,6.3285616,2026-08-17,14:00,29.5,0.0,0.0,4.01,26
Gorges du Verdon,43.7496562,6.3285616,2026-08-17,17:00,29.28,0.0,0.0,7.66,86
Gorges du Verdon,43.7496562,6.3285616,2026-08-17,20:00,27.9,0.0,0.0,7.0,79
Gorges du Verdon,43.7496562,6.3285616,2026-08-17,23:00,22.28,0.0,0.0,3.48,44
Gorges du Verdon,43.7496562,6.3285616,2026-08-18,02:00,18.79,0.0,0.0,2.42,40
Gorges du Verdon,43.7496562,6.3285616,2026-08-18,05:00,16.76,0.0,0.0,1.65,83
Gorges du Verdon,43.7496562,6.3285616,2026-08-18,08:00,19.27,0.0,0.0,1.37,44
Gorges du Verdon,43.7496562,6.3285616,2026-08-18,11:00,26.45,0.0,0.0,2.4,10
Gorges du Verdon,43.7496562,6.3285616,2026-08-18,14:00,29.07,0.0,0.0,3.67,20
Gorges du Verdon,43.7496562,6.3285616,2026-08-18,17:00,29.16,0.0,0.0,1.99,75
Gorges du Verdon,43.7496562,6.3285616,2026-08-18,20:00,22.93,0.0,0.0,2.08,87
Gorges du Verdon,43.7496562,6.3285616,2026-08-18,23:00,18.73,0.0,0.0,1.59,39
Gorges du Verdon,43.7496562,6.3285616,2026-08-19,02:00,18.17,0.0,0.0,1.34,69
Gorges du Verdon,43.7496562,6.3285616,2026-08-19,05:00,17.82,0.0,0.0,1.5,100
Gorges du Verdon,43.7496562,6.3285616,2026-08-19,08:00,20.06,0.0,0.0,0.61,87
Gorges du Verdon,43.7496562,6.3285616,2026-08-19,11:00,26.97,0.0,0.0,2.24,1
Gorges du Verdon,43.7496562,6.3285616,2026-08-19,14:00,30.22,0.0,0.0,3.62,3
Gorges du Verdon,43.7496562,6.3285616,2026-08-19,17:00,30.79,0.0,0.0,6.06,6
Gorges du Verdon,43.7496562,6.3285616,2026-08-19,20:00,24.52,0.0,0.0,3.83,4
Gorges du Verdon,43.7496562,6.3285616,2026-08-19,23:00,19.81,0.0,0.0,1.94,0
Gorges du Verdon,43.7496562,6.3285616,2026-08-20,02:00,18.07,0.46,0.7,1.07,26
Gorges du Verdon,43.7496562,6.3285616,2026-08-20,05:00,17.65,0.32,0.32,2.04,100
Gorges du Verdon,43.7496562,6.3285616,2026-08-20,08:00,20.68,0.0,0.0,1.06,93
Gorges du Verdon,43.7496562,6.3285616,2026-08-20,11:00,26.98,0.0,0.0,2.44,61
Gorges du Verdon,43.7496562,6.3285616,2026-08-20,14:00,29.52,0.0,0.0,3.71,59
Gorges du Verdon,43.7496562,6.3285616,2026-08-20,17:00,30.35,0.0,0.0,4.1,22
Gorges du Verdon,43.7496562,6.3285616,2026-08-20,20:00,22.7,0.0,0.0,1.71,58
Gorges du Verdon,43.7496562,6.3285616,2026-08-20,23:00,18.56,0.0,0.0,2.23,6
Gorges du Verdon,43.7496562,6.3285616,2026-08-21,02:00,17.86,0.0,0.0,2.19,5
Gorges du Verdon,43.7496562,6.3285616,2026-08-21,05:00,18.0,0.0,0.0,1.23,100
Gorges du Verdon,43.7496562,6.3285616,2026-08-21,08:00,19.87,0.0,0.0,1.57,83
Gorges du Verdon,43.7496562,6.3285616,2026-08-21,11:00,25.79,0.0,0.0,2.45,100
Gorges du Verdon,43.7496562,6.3285616,2026-08-21,14:00,26.21,0.0,0.0,4.55,100
Gorges du Verdon,43.7496562,6.3285616,2026-08-21,17:00,23.97,0.0,0.0,5.51,100
Bormes les Mimosas,43.1506968,6.3419285,2026-08-16,20:00,29.41,0.0,0.0,5.97,1
Bormes les Mimosas,43.1506968,6.3419285,2026-08-16,23:00,27.98,0.0,0.0,4.12,3
Bormes les Mimosas,43.1506968,6.3419285,2026-08-17,02:00,24.61,0.0,0.0,3.53,10
Bormes les Mimosas,43.1506968,6.3419285,2026-08-17,05:00,20.41,0.0,0.0,3.63,35
Bormes les Mimosas,43.1506968,6.3419285,2026-08-17,08:00,22.8,0.0,0.0,2.59,41
Bormes les Mimosas,43.1506968,6.3419285,2026-08-17,11:00,28.64,0.0,0.0,3.42,10
Bormes les Mimosas,43.1506968,6.3419285,2026-08-17,14:00,33.82,0.0,0.0,8.26,23
Bormes les Mimosas,43.1506968,6.3419285,2026-08-17,17:00,33.47,0.0,0.0,9.67,32
Bormes les Mimosas,43.1506968,6.3419285,2026-08-17,20:00,31.89,0.0,0.0,9.08,67
Bormes les Mimosas,43.1506968,6.3419285,2026-08-17,23:00,28.17,0.0,0.0,10.46,39
Bormes les Mimosas,43.1506968,6.3419285,2026-08-18,02:00,24.81,0.0,0.0,6.35,27
Bormes les Mimosas,43.1506968,6.3419285,2026-08-18,05:00,21.62,0.0,0.0,2.5,82
Bormes les Mimosas,43.1506968,6.3419285,2026-08-18,08:00,24.05,0.0,0.0,2.16,49
Bormes les Mimosas,43.1506968,6.3419285,2026-08-18,11:00,29.76,0.0,0.0,1.31,2
Bormes les Mimosas,43.1506968,6.3419285,2026-08-18,14:00,29.47,0.0,0.0,4.26,4
Bormes les Mimosas,43.1506968,6.3419285,2026-08-18,17:00,29.4,0.0,0.0,4.8,5
Bormes les Mimosas,43.1506968,6.3419285,2026-08-18,20:00,26.19,0.0,0.0,3.46,51
Bormes les Mimosas,43.1506968,6.3419285,2026-08-18,23:00,24.15,0.0,0.0,4.04,99
Bormes les Mimosas,43.1506968,6.3419285,2026-08-19,02:00,22.53,0.0,0.0,3.57,89
Bormes les Mimosas,43.1506968,6.3419285,2026-08-19,05:00,21.97,0.0,0.0,2.78,76
Bormes les Mimosas,43.1506968,6.3419285,2026-08-19,08:00,23.74,0.0,0.0,1.53,59
Bormes les Mimosas,43.1506968,6.3419285,2026-08-19,11:00,29.62,0.0,0.0,1.15,0
Bormes les Mimosas,43.1506968,6.3419285,2026-08-19,14:00,31.47,0.0,0.0,4.6,2
Bormes les Mimosas,43.1506968,6.3419285,2026-08-19,17:00,32.74,0.0,0.0,8.68,4
Bormes les Mimosas,43.1506968,6.3419285,2026-08-19,20:00,28.68,0.0,0.0,6.77,3
Bormes les Mimosas,43.1506968,6.3419285,2026-08-19,23:00,25.22,0.0,0.0,4.28,2
Bormes les Mimosas,43.1506968,6.3419285,2026-08-20,02:00,24.58,0.0,0.0,2.95,36
Bormes les Mimosas,43.1506968,6.3419285,2026-08-20,05:00,22.59,0.88,0.44,2.32,100
Bormes les Mimosas,43.1506968,6.3419285,2026-08-20,08:00,24.42,0.2,0.0,2.54,67
Bormes les Mimosas,43.1506968,6.3419285,2026-08-20,11:00,28.48,0.0,0.0,3.77,22
Bormes les Mimosas,43.1506968,6.3419285,2026-08-20,14:00,29.6,0.0,0.0,5.3,43
Bormes les Mimosas,43.1506968,6.3419285,2026-08-20,17:00,28.12,0.0,0.0,5.61,25
Bormes les Mimosas,43.1506968,6.3419285,2026-08-20,20:00,25.58,0.0,0.0,4.35,63
Bormes les Mimosas,43.1506968,6.3419285,2026-08-20,23:00,24.46,0.0,0.0,4.45,20
Bormes les Mimosas,43.1506968,6.3419285,2026-08-21,02:00,23.51,0.0,0.0,2.18,26
Bormes les Mimosas,43.1506968,6.3419285,2026-08-21,05:00,22.76,0.2,0.13,2.42,46
Bormes les Mimosas,43.1506968,6.3419285,2026-08-21,08:00,24.03,0.0,0.0,1.55,62
Bormes les Mimosas,43.1506968,6.3419285,2026-08-21,11:00,28.55,0.0,0.0,4.91,98
Bormes les Mimosas,43.1506968,6.3419285,2026-08-21,14:00,27.9,0.0,0.0,7.59,99
Bormes les Mimosas,43.1506968,6.3419285,2026-08-21,17:00,26.59,0.0,0.0,7.37,100
Cassis,43.2140359,5.5396318,2026-08-16,20:00,29.05,0.0,0.0,4.71,7
Cassis,43.2140359,5.5396318,2026-08-16,23:00,28.51,0.0,0.0,3.59,15
Cassis,43.2140359,5.5396318,2026-08-17,02:00,26.17,0.0,0.0,3.41,44
Cassis,43.2140359,5.5396318,2026-08-17,05:00,23.08,0.0,0.0,5.51,86
Cassis,43.2140359,5.5396318,2026-08-17,08:00,25.83,0.0,0.0,6.24,62
Cassis,43.2140359,5.5396318,2026-08-17,11:00,29.46,0.0,0.0,7.61,34
Cassis,43.2140359,5.5396318,2026-08-17,14:00,35.18,0.0,0.0,9.67,52
Cassis,43.2140359,5.5396318,2026-08-17,17:00,36.0,0.0,0.0,9.12,100
Cassis,43.2140359,5.5396318,2026-08-17,20:00,33.39,0.0,0.0,9.23,88
Cassis,43.2140359,5.5396318,2026-08-17,23:00,29.97,0.0,0.0,10.91,58
Cassis,43.2140359,5.5396318,2026-08-18,02:00,26.86,0.0,0.0,11.48,77
Cassis,43.2140359,5.5396318,2026-08-18,05:00,25.19,0.0,0.0,10.1,88
Cassis,43.2140359,5.5396318,2026-08-18,08:00,27.92,0.0,0.0,9.17,59
Cassis,43.2140359,5.5396318,2026-08-18,11:00,28.83,0.0,0.0,6.9,2
Cassis,43.2140359,5.5396318,2026-08-18,14:00,31.32,0.0,0.0,5.8,10
Cassis,43.2140359,5.5396318,2026-08-18,17:00,31.79,0.0,0.0,8.55,6
Cassis,43.2140359,5.5396318,2026-08-18,20:00,31.27,0.0,0.0,7.59,49
Cassis,43.2140359,5.5396318,2026-08-18,23:00,29.99,0.0,0.0,4.18,100
Cassis,43.2140359,5.5396318,2026-08-19,02:00,28.23,0.0,0.0,3.05,90
Cassis,43.2140359,5.5396318,2026-08-19,05:00,27.25,0.0,0.0,2.18,73
Cassis,43.2140359,5.5396318,2026-08-19,08:00,26.77,0.0,0.0,2.78,54
Cassis,43.2140359,5.5396318,2026-08-19,11:00,29.25,0.0,0.0,5.42,0
Cassis,43.2140359,5.5396318,2026-08-19,14:00,29.38,0.0,0.0,5.8,1
Cassis,43.2140359,5.5396318,2026-08-19,17:00,29.02,0.0,0.0,4.85,2
Cassis,43.2140359,5.5396318,2026-08-19,20:00,27.96,0.0,0.0,3.43,1
Cassis,43.2140359,5.5396318,2026-08-19,23:00,26.62,0.0,0.0,5.23,32
Cassis,43.2140359,5.5396318,2026-08-20,02:00,23.86,1.0,1.7,3.91,64
Cassis,43.2140359,5.5396318,2026-08-20,05:00,25.26,0.61,0.47,0.95,100
Cassis,43.2140359,5.5396318,2026-08-20,08:00,25.21,0.36,0.0,1.8,89
Cassis,43.2140359,5.5396318,2026-08-20,11:00,26.94,0.0,0.0,2.06,31
Cassis,43.2140359,5.5396318,2026-08-20,14:00,27.83,0.0,0.0,2.64,24
Cassis,43.2140359,5.5396318,2026-08-20,17:00,27.42,0.0,0.0,3.39,51
Cassis,43.2140359,5.5396318,2026-08-20,20:00,26.29,0.0,0.0,2.59,76
Cassis,43.2140359,5.5396318,2026-08-20,23:00,25.49,0.2,0.13,1.06,1
Cassis,43.2140359,5.5396318,2026-08-21,02:00,25.76,0.0,0.0,1.44,20
Cassis,43.2140359,5.5396318,2026-08-21,05:00,25.78,0.0,0.0,3.44,78
Cassis,43.2140359,5.5396318,2026-08-21,08:00,25.61,0.0,0.0,3.96,84
Cassis,43.2140359,5.5396318,2026-08-21,11:00,26.16,0.0,0.0,6.94,100
Cassis,43.2140359,5.5396318,2026-08-21,14:00,26.58,0.2,0.24,5.52,100
Cassis,43.2140359,5.5396318,2026-08-21,17:00,25.91,0.0,0.0,4.49,100
Marseille,43.2963986,5.3777888,2026-08-16,20:00,33.6,0.0,0.0,5.47,7
Marseille,43.2963986,5.3777888,2026-08-16,23:00,31.3,0.0,0.0,2.96,25
Marseille,43.2963986,5.3777888,2026-08-17,02:00,27.29,0.0,0.0,3.56,50
Marseille,43.2963986,5.3777888,2026-08-17,05:00,22.82,0.0,0.0,5.25,89
Marseille,43.2963986,5.3777888,2026-08-17,08:00,24.99,0.0,0.0,6.72,55
Marseille,43.2963986,5.3777888,2026-08-17,11:00,29.44,0.0,0.0,7.21,32
Marseille,43.2963986,5.3777888,2026-08-17,14:00,35.52,0.0,0.0,8.68,51
Marseille,43.2963986,5.3777888,2026-08-17,17:00,37.11,0.0,0.0,7.69,100
Marseille,43.2963986,5.3777888,2026-08-17,20:00,33.5,0.0,0.0,9.43,84
Marseille,43.2963986,5.3777888,2026-08-17,23:00,28.71,0.0,0.0,9.59,83
Marseille,43.2963986,5.3777888,2026-08-18,02:00,26.05,0.0,0.0,10.71,93
Marseille,43.2963986,5.3777888,2026-08-18,05:00,24.57,0.0,0.0,10.29,100
Marseille,43.2963986,5.3777888,2026-08-18,08:00,26.58,0.0,0.0,9.76,70
Marseille,43.2963986,5.3777888,2026-08-18,11:00,29.09,0.0,0.0,8.49,3
Marseille,43.2963986,5.3777888,2026-08-18,14:00,32.02,0.0,0.0,6.71,24
Marseille,43.2963986,5.3777888,2026-08-18,17:00,32.88,0.0,0.0,8.42,10
Marseille,43.2963986,5.3777888,2026-08-18,20:00,32.32,0.0,0.0,6.87,53
Marseille,43.2963986,5.3777888,2026-08-18,23:00,31.5,0.0,0.0,4.62,100
Marseille,43.2963986,5.3777888,2026-08-19,02:00,29.99,0.0,0.0,3.88,91
Marseille,43.2963986,5.3777888,2026-08-19,05:00,28.4,0.0,0.0,3.73,68
Marseille,43.2963986,5.3777888,2026-08-19,08:00,27.57,0.0,0.0,3.19,52
Marseille,43.2963986,5.3777888,2026-08-19,11:00,29.53,0.0,0.0,4.66,0
Marseille,43.2963986,5.3777888,2026-08-19,14:00,30.06,0.0,0.0,5.21,1
Marseille,43.2963986,5.3777888,2026-08-19,17:00,29.85,0.0,0.0,5.45,1
Marseille,43.2963986,5.3777888,2026-08-19,20:00,29.16,0.0,0.0,3.81,1
Marseille,43.2963986,5.3777888,2026-08-19,23:00,27.94,0.0,0.0,6.01,33
Marseille,43.2963986,5.3777888,2026-08-20,02:00,25.34,1.0,2.3,3.01,66
Marseille,43.2963986,5.3777888,2026-08-20,05:00,26.42,0.21,0.17,0.66,100
Marseille,43.2963986,5.3777888,2026-08-20,08:00,26.39,0.0,0.0,1.04,86
Marseille,43.2963986,5.3777888,2026-08-20,11:00,27.74,0.0,0.0,1.51,2
Marseille,43.2963986,5.3777888,2026-08-20,14:00,28.8,0.0,0.0,2.84,3
Marseille,43.2963986,5.3777888,2026-08-20,17:00,28.31,0.0,0.0,4.25,48
Marseille,43.2963986,5.3777888,2026-08-20,20:00,27.48,0.0,0.0,3.47,74
Marseille,43.2963986,5.3777888,2026-08-20,23:00,27.1,0.2,0.11,2.47,1
Marseille,43.2963986,5.3777888,2026-08-21,02:00,27.4,0.0,0.0,1.95,19
Marseille,43.2963986,5.3777888,2026-08-21,05:00,26.91,0.0,0.0,4.43,78
Marseille,43.2963986,5.3777888,2026-08-21,08:00,26.06,0.0,0.0,4.13,78
Marseille,43.2963986,5.3777888,2026-08-21,11:00,26.56,0.0,0.0,6.71,100
Marseille,43.2963986,5.3777888,2026-08-21,14:00,27.6,0.2,0.21,5.39,100
Marseille,43.2963986,5.3777888,2026-08-21,17:00,27.29,0.0,0.0,4.83,100
Aix en Provence,43.5298424,5.4474738,2026-08-16,20:00,31.83,0.0,0.0,4.48,6
Aix en Provence,43.5298424,5.4474738,2026-08-16,23:00,27.09,0.0,0.0,2.59,58
Aix en Provence,43.5298424,5.4474738,2026-08-17,02:00,21.32,0.0,0.0,1.44,87
Aix en Provence,43.5298424,5.4474738,2026-08-17,05:00,20.73,0.0,0.0,1.66,77
Aix en Provence,43.5298424,5.4474738,2026-08-17,08:00,22.98,0.0,0.0,2.46,46
Aix en Provence,43.5298424,5.4474738,2026-08-17,11:00,28.25,0.0,0.0,5.36,30
Aix en Provence,43.5298424,5.4474738,2026-08-17,14:00,35.59,0.0,0.0,9.51,52
Aix en Provence,43.5298424,5.4474738,2026-08-17,17:00,37.27,0.0,0.0,8.93,100
Aix en Provence,43.5298424,5.4474738,2026-08-17,20:00,32.16,0.0,0.0,7.89,85
Aix en Provence,43.5298424,5.4474738,2026-08-17,23:00,26.05,0.0,0.0,7.6,56
Aix en Provence,43.5298424,5.4474738,2026-08-18,02:00,23.21,0.0,0.0,7.42,77
Aix en Provence,43.5298424,5.4474738,2026-08-18,05:00,22.09,0.0,0.0,6.37,98
Aix en Provence,43.5298424,5.4474738,2026-08-18,08:00,23.74,0.0,0.0,4.34,57
Aix en Provence,43.5298424,5.4474738,2026-08-18,11:00,30.14,0.0,0.0,4.02,9
Aix en Provence,43.5298424,5.4474738,2026-08-18,14:00,34.41,0.0,0.0,4.87,40
Aix en Provence,43.5298424,5.4474738,2026-08-18,17:00,35.62,0.0,0.0,7.12,36
Aix en Provence,43.5298424,5.4474738,2026-08-18,20:00,32.58,0.0,0.0,6.91,68
Aix en Provence,43.5298424,5.4474738,2026-08-18,23:00,29.96,0.0,0.0,2.16,100
Aix en Provence,43.5298424,5.4474738,2026-08-19,02:00,27.47,0.0,0.0,1.33,100
Aix en Provence,43.5298424,5.4474738,2026-08-19,05:00,25.59,0.0,0.0,1.45,10
Aix en Provence,43.5298424,5.4474738,2026-08-19,08:00,25.56,0.0,0.0,1.0,24
Aix en Provence,43.5298424,5.4474738,2026-08-19,11:00,31.08,0.0,0.0,3.4,0
Aix en Provence,43.5298424,5.4474738,2026-08-19,14:00,34.82,0.0,0.0,4.59,2
Aix en Provence,43.5298424,5.4474738,2026-08-19,17:00,33.84,0.0,0.0,5.19,2
Aix en Provence,43.5298424,5.4474738,2026-08-19,20:00,30.34,0.0,0.0,4.46,1
Aix en Provence,43.5298424,5.4474738,2026-08-19,23:00,27.47,0.0,0.0,5.6,13
Aix en Provence,43.5298424,5.4474738,2026-08-20,02:00,25.48,0.98,2.0,1.51,57
Aix en Provence,43.5298424,5.4474738,2026-08-20,05:00,24.46,0.09,0.0,1.24,100
Aix en Provence,43.5298424,5.4474738,2026-08-20,08:00,24.79,0.01,0.0,0.8,96
Aix en Provence,43.5298424,5.4474738,2026-08-20,11:00,29.87,0.0,0.0,1.51,43
Aix en Provence,43.5298424,5.4474738,2026-08-20,14:00,33.0,0.01,0.0,3.27,27
Aix en Provence,43.5298424,5.4474738,2026-08-20,17:00,32.12,0.0,0.0,4.69,42
Aix en Provence,43.5298424,5.4474738,2026-08-20,20:00,28.47,0.0,0.0,3.77,62
Aix en Provence,43.5298424,5.4474738,2026-08-20,23:00,26.71,0.02,0.0,2.07,2
Aix en Provence,43.5298424,5.4474738,2026-08-21,02:00,25.68,0.14,0.0,2.06,24
Aix en Provence,43.5298424,5.4474738,2026-08-21,05:00,24.32,0.0,0.0,1.8,85
Aix en Provence,43.5298424,5.4474738,2026-08-21,08:00,24.17,0.0,0.0,0.52,81
Aix en Provence,43.5298424,5.4474738,2026-08-21,11:00,27.2,0.0,0.0,3.75,100
Aix en Provence,43.5298424,5.4474738,2026-08-21,14:00,29.64,0.2,0.15,5.04,100
Aix en Provence,43.5298424,5.4474738,2026-08-21,17:00,29.0,0.0,0.0,5.5,100
Avignon,43.9492493,4.8059012,2026-08-16,20:00,32.05,1.0,5.8,2.88,63
Avignon,43.9492493,4.8059012,2026-08-16,23:00,29.67,0.19,0.0,1.42,73
Avignon,43.9492493,4.8059012,2026-08-17,02:00,25.82,0.0,0.0,1.85,75
Avignon,43.9492493,4.8059012,2026-08-17,05:00,21.62,0.0,0.0,2.22,82
Avignon,43.9492493,4.8059012,2026-08-17,08:00,23.58,0.0,0.0,2.41,45
Avignon,43.9492493,4.8059012,2026-08-17,11:00,29.96,0.0,0.0,6.07,29
Avignon,43.9492493,4.8059012,2026-08-17,14:00,35.7,0.0,0.0,7.33,61
Avignon,43.9492493,4.8059012,2026-08-17,17:00,36.8,0.0,0.0,7.77,100
Avignon,43.9492493,4.8059012,2026-08-17,20:00,32.44,0.0,0.0,6.24,95
Avignon,43.9492493,4.8059012,2026-08-17,23:00,27.6,0.0,0.0,3.92,26
Avignon,43.9492493,4.8059012,2026-08-18,02:00,25.08,0.0,0.0,4.19,27
Avignon,43.9492493,4.8059012,2026-08-18,05:00,23.33,0.0,0.0,4.53,47
Avignon,43.9492493,4.8059012,2026-08-18,08:00,24.61,0.0,0.0,4.74,25
Avignon,43.9492493,4.8059012,2026-08-18,11:00,30.23,0.0,0.0,9.98,14
Avignon,43.9492493,4.8059012,2026-08-18,14:00,34.99,0.0,0.0,9.29,46
Avignon,43.9492493,4.8059012,2026-08-18,17:00,36.04,0.0,0.0,8.36,100
Avignon,43.9492493,4.8059012,2026-08-18,20:00,32.69,0.0,0.0,8.0,90
Avignon,43.9492493,4.8059012,2026-08-18,23:00,29.39,0.0,0.0,6.34,100
Avignon,43.9492493,4.8059012,2026-08-19,02:00,25.4,0.0,0.0,3.64,100
Avignon,43.9492493,4.8059012,2026-08-19,05:00,23.16,0.0,0.0,2.32,100
Avignon,43.9492493,4.8059012,2026-08-19,08:00,23.7,0.0,0.0,2.16,70
Avignon,43.9492493,4.8059012,2026-08-19,11:00,31.7,0.0,0.0,2.8,0
Avignon,43.9492493,4.8059012,2026-08-19,14:00,37.1,0.0,0.0,2.28,7
Avignon,43.9492493,4.8059012,2026-08-19,17:00,38.82,0.0,0.0,4.94,2
Avignon,43.9492493,4.8059012,2026-08-19,20:00,33.22,0.0,0.0,6.6,9
Avignon,43.9492493,4.8059012,2026-08-19,23:00,24.96,0.4,0.23,2.04,30
Avignon,43.9492493,4.8059012,2026-08-20,02:00,22.86,0.29,0.15,2.48,51
Avignon,43.9492493,4.8059012,2026-08-20,05:00,22.16,0.0,0.0,2.55,99
Avignon,43.9492493,4.8059012,2026-08-20,08:00,21.97,0.29,0.17,2.53,87
Avignon,43.9492493,4.8059012,2026-08-20,11:00,27.47,0.77,0.68,1.53,97
Avignon,43.9492493,4.8059012,2026-08-20,14:00,34.45,0.87,0.4,0.52,84
Avignon,43.9492493,4.8059012,2026-08-20,17:00,35.87,0.0,0.0,5.31,36
Avignon,43.9492493,4.8059012,2026-08-20,20:00,30.67,0.0,0.0,5.88,34
Avignon,43.9492493,4.8059012,2026-08-20,23:00,22.96,0.88,0.85,4.3,0
Avignon,43.9492493,4.8059012,2026-08-21,02:00,22.29,0.95,0.2,5.63,13
Avignon,43.9492493,4.8059012,2026-08-21,05:00,21.82,0.0,0.0,4.73,100
Avignon,43.9492493,4.8059012,2026-08-21,08:00,21.94,0.0,0.0,4.9,100
Avignon,43.9492493,4.8059012,2026-08-21,11:00,27.13,0.0,0.0,6.65,99
Avignon,43.9492493,4.8059012,2026-08-21,14:00,30.34,0.0,0.0,3.91,100
Avignon,43.9492493,4.8059012,2026-08-21,17:00,32.47,0.0,0.0,1.4,100
Uzes,44.0121279,4.4196718,2026-08-16,20:00,32.71,1.0,3.44,0.93,98
Uzes,44.0121279,4.4196718,2026-08-16,23:00,29.76,0.64,0.47,3.3,99
Uzes,44.0121279,4.4196718,2026-08-17,02:00,25.64,0.22,0.0,2.33,99
Uzes,44.0121279,4.4196718,2026-08-17,05:00,21.16,0.0,0.0,1.79,51
Uzes,44.0121279,4.4196718,2026-08-17,08:00,22.99,0.0,0.0,1.77,28
Uzes,44.0121279,4.4196718,2026-08-17,11:00,29.65,0.0,0.0,3.57,53
Uzes,44.0121279,4.4196718,2026-08-17,14:00,34.5,0.0,0.0,6.92,74
Uzes,44.0121279,4.4196718,2026-08-17,17:00,35.48,0.0,0.0,8.53,100
Uzes,44.0121279,4.4196718,2026-08-17,20:00,31.65,0.0,0.0,7.47,97
Uzes,44.0121279,4.4196718,2026-08-17,23:00,27.11,0.0,0.0,3.28,9
Uzes,44.0121279,4.4196718,2026-08-18,02:00,24.61,0.0,0.0,3.27,11
Uzes,44.0121279,4.4196718,2026-08-18,05:00,22.58,0.0,0.0,3.62,8
Uzes,44.0121279,4.4196718,2026-08-18,08:00,23.93,0.0,0.0,3.7,4
Uzes,44.0121279,4.4196718,2026-08-18,11:00,31.81,0.0,0.0,6.98,8
Uzes,44.0121279,4.4196718,2026-08-18,14:00,35.49,0.0,0.0,6.22,30
Uzes,44.0121279,4.4196718,2026-08-18,17:00,36.45,0.0,0.0,5.88,97
Uzes,44.0121279,4.4196718,2026-08-18,20:00,31.84,0.0,0.0,6.32,83
Uzes,44.0121279,4.4196718,2026-08-18,23:00,26.18,0.0,0.0,4.01,100
Uzes,44.0121279,4.4196718,2026-08-19,02:00,24.0,0.0,0.0,2.87,100
Uzes,44.0121279,4.4196718,2026-08-19,05:00,22.46,0.0,0.0,2.72,100
Uzes,44.0121279,4.4196718,2026-08-19,08:00,23.51,0.0,0.0,1.94,49
Uzes,44.0121279,4.4196718,2026-08-19,11:00,31.98,0.0,0.0,2.07,1
Uzes,44.0121279,4.4196718,2026-08-19,14:00,36.53,0.0,0.0,4.66,3
Uzes,44.0121279,4.4196718,2026-08-19,17:00,38.17,0.0,0.0,5.26,0
Uzes,44.0121279,4.4196718,2026-08-19,20:00,33.63,0.0,0.0,5.19,8
Uzes,44.0121279,4.4196718,2026-08-19,23:00,22.82,0.66,0.53,3.13,47
Uzes,44.0121279,4.4196718,2026-08-20,02:00,21.92,0.49,0.22,1.34,45
Uzes,44.0121279,4.4196718,2026-08-20,05:00,20.22,0.0,0.0,3.32,82
Uzes,44.0121279,4.4196718,2026-08-20,08:00,21.2,0.0,0.0,2.71,72
Uzes,44.0121279,4.4196718,2026-08-20,11:00,29.62,0.37,0.14,2.19,70
Uzes,44.0121279,4.4196718,2026-08-20,14:00,33.37,0.25,0.32,3.11,85
Uzes,44.0121279,4.4196718,2026-08-20,17:00,35.06,0.0,0.0,3.72,33
Uzes,44.0121279,4.4196718,2026-08-20,20:00,27.65,0.28,0.38,3.98,33
Uzes,44.0121279,4.4196718,2026-08-20,23:00,21.63,0.98,0.72,5.03,1
Uzes,44.0121279,4.4196718,2026-08-21,02:00,20.91,0.71,0.0,4.34,6
Uzes,44.0121279,4.4196718,2026-08-21,05:00,19.9,0.0,0.0,3.03,100
Uzes,44.0121279,4.4196718,2026-08-21,08:00,20.1,0.0,0.0,2.89,100
Uzes,44.0121279,4.4196718,2026-08-21,11:00,27.63,0.0,0.0,3.4,100
Uzes,44.0121279,4.4196718,2026-08-21,14:00,30.69,0.0,0.0,1.33,100
Uzes,44.0121279,4.4196718,2026-08-21,17:00,32.5,0.0,0.0,5.04,95
Nimes,43.8374249,4.3600687,2026-08-16,20:00,33.22,1.0,3.41,2.58,80
Nimes,43.8374249,4.3600687,2026-08-16,23:00,30.3,1.0,0.99,2.71,82
Nimes,43.8374249,4.3600687,2026-08-17,02:00,26.25,0.73,0.0,2.43,86
Nimes,43.8374249,4.3600687,2026-08-17,05:00,21.99,0.0,0.0,1.62,87
Nimes,43.8374249,4.3600687,2026-08-17,08:00,23.69,0.0,0.0,1.97,47
Nimes,43.8374249,4.3600687,2026-08-17,11:00,30.1,0.0,0.0,3.9,52
Nimes,43.8374249,4.3600687,2026-08-17,14:00,35.68,0.0,0.0,5.69,77
Nimes,43.8374249,4.3600687,2026-08-17,17:00,36.52,0.0,0.0,9.14,100
Nimes,43.8374249,4.3600687,2026-08-17,20:00,32.18,0.0,0.0,7.34,96
Nimes,43.8374249,4.3600687,2026-08-17,23:00,28.03,0.0,0.0,3.71,3
Nimes,43.8374249,4.3600687,2026-08-18,02:00,25.56,0.0,0.0,4.2,23
Nimes,43.8374249,4.3600687,2026-08-18,05:00,23.56,0.0,0.0,4.77,62
Nimes,43.8374249,4.3600687,2026-08-18,08:00,24.78,0.0,0.0,4.71,33
Nimes,43.8374249,4.3600687,2026-08-18,11:00,32.4,0.0,0.0,6.68,31
Nimes,43.8374249,4.3600687,2026-08-18,14:00,36.36,0.0,0.0,5.56,45
Nimes,43.8374249,4.3600687,2026-08-18,17:00,37.97,0.0,0.0,5.93,49
Nimes,43.8374249,4.3600687,2026-08-18,20:00,34.38,0.0,0.0,7.01,67
Nimes,43.8374249,4.3600687,2026-08-18,23:00,29.44,0.0,0.0,4.22,100
Nimes,43.8374249,4.3600687,2026-08-19,02:00,26.29,0.0,0.0,3.21,100
Nimes,43.8374249,4.3600687,2026-08-19,05:00,24.52,0.0,0.0,2.98,74
Nimes,43.8374249,4.3600687,2026-08-19,08:00,25.04,0.0,0.0,1.75,38
Nimes,43.8374249,4.3600687,2026-08-19,11:00,32.25,0.0,0.0,2.57,1
Nimes,43.8374249,4.3600687,2026-08-19,14:00,37.21,0.0,0.0,3.23,5
Nimes,43.8374249,4.3600687,2026-08-19,17:00,39.2,0.0,0.0,2.46,0
Nimes,43.8374249,4.3600687,2026-08-19,20:00,33.24,0.0,0.0,6.31,1
Nimes,43.8374249,4.3600687,2026-08-19,23:00,23.55,1.0,0.96,3.67,66
Nimes,43.8374249,4.3600687,2026-08-20,02:00,22.72,0.99,0.82,0.89,77
Nimes,43.8374249,4.3600687,2026-08-20,05:00,21.78,0.0,0.0,3.67,90
Nimes,43.8374249,4.3600687,2026-08-20,08:00,21.76,0.7,0.95,2.56,91
Nimes,43.8374249,4.3600687,2026-08-20,11:00,28.47,0.75,0.6,1.85,70
Nimes,43.8374249,4.3600687,2026-08-20,14:00,33.32,0.88,0.4,3.41,75
Nimes,43.8374249,4.3600687,2026-08-20,17:00,34.07,0.0,0.0,4.35,39
Nimes,43.8374249,4.3600687,2026-08-20,20:00,27.5,0.2,0.43,3.9,46
Nimes,43.8374249,4.3600687,2026-08-20,23:00,24.01,0.71,0.26,4.03,0
Nimes,43.8374249,4.3600687,2026-08-21,02:00,23.18,0.13,0.0,4.64,12
Nimes,43.8374249,4.3600687,2026-08-21,05:00,22.13,0.0,0.0,3.6,100
Nimes,43.8374249,4.3600687,2026-08-21,08:00,22.19,0.0,0.0,3.13,100
Nimes,43.8374249,4.3600687,2026-08-21,11:00,27.86,0.0,0.0,2.48,100
Nimes,43.8374249,4.3600687,2026-08-21,14:00,30.25,0.0,0.0,2.97,100
Nimes,43.8374249,4.3600687,2026-08-21,17:00,32.01,0.0,0.0,3.92,100
Aigues Mortes,43.5661521,4.19154,2026-08-16,20:00,30.98,0.5,0.54,5.05,59
Aigues Mortes,43.5661521,4.19154,2026-08-16,23:00,28.94,0.93,0.87,2.31,71
Aigues Mortes,43.5661521,4.19154,2026-08-17,02:00,25.99,0.8,0.0,2.74,84
Aigues Mortes,43.5661521,4.19154,2026-08-17,05:00,23.16,0.0,0.0,2.86,67
Aigues Mortes,43.5661521,4.19154,2026-08-17,08:00,24.44,0.0,0.0,2.98,36
Aigues Mortes,43.5661521,4.19154,2026-08-17,11:00,30.52,0.0,0.0,2.01,50
Aigues Mortes,43.5661521,4.19154,2026-08-17,14:00,35.34,0.0,0.0,3.0,70
Aigues Mortes,43.5661521,4.19154,2026-08-17,17:00,36.02,0.0,0.0,7.09,100
Aigues Mortes,43.5661521,4.19154,2026-08-17,20:00,32.12,0.0,0.0,6.88,97
Aigues Mortes,43.5661521,4.19154,2026-08-17,23:00,29.13,0.0,0.0,8.56,10
Aigues Mortes,43.5661521,4.19154,2026-08-18,02:00,26.78,0.0,0.0,5.93,38
Aigues Mortes,43.5661521,4.19154,2026-08-18,05:00,24.49,0.0,0.0,5.64,97
Aigues Mortes,43.5661521,4.19154,2026-08-18,08:00,25.33,0.0,0.0,5.82,54
Aigues Mortes,43.5661521,4.19154,2026-08-18,11:00,30.66,0.0,0.0,5.53,16
Aigues Mortes,43.5661521,4.19154,2026-08-18,14:00,32.79,0.0,0.0,2.32,32
Aigues Mortes,43.5661521,4.19154,2026-08-18,17:00,33.47,0.0,0.0,1.56,19
Aigues Mortes,43.5661521,4.19154,2026-08-18,20:00,32.82,0.0,0.0,3.41,48
Aigues Mortes,43.5661521,4.19154,2026-08-18,23:00,28.93,0.0,0.0,3.25,100
Aigues Mortes,43.5661521,4.19154,2026-08-19,02:00,27.34,0.0,0.0,2.33,92
Aigues Mortes,43.5661521,4.19154,2026-08-19,05:00,26.06,0.0,0.0,2.67,66
Aigues Mortes,43.5661521,4.19154,2026-08-19,08:00,25.92,0.0,0.0,1.73,34
Aigues Mortes,43.5661521,4.19154,2026-08-19,11:00,29.92,0.0,0.0,1.89,2
Aigues Mortes,43.5661521,4.19154,2026-08-19,14:00,32.61,0.0,0.0,5.12,3
Aigues Mortes,43.5661521,4.19154,2026-08-19,17:00,31.1,0.0,0.0,9.03,1
Aigues Mortes,43.5661521,4.19154,2026-08-19,20:00,28.06,0.0,0.0,11.04,1
Aigues Mortes,43.5661521,4.19154,2026-08-19,23:00,26.67,0.8,0.43,5.82,98
Aigues Mortes,43.5661521,4.19154,2026-08-20,02:00,24.26,0.93,0.87,3.97,99
Aigues Mortes,43.5661521,4.19154,2026-08-20,05:00,23.34,0.2,0.1,3.21,100
Aigues Mortes,43.5661521,4.19154,2026-08-20,08:00,22.14,1.0,1.28,3.24,91
Aigues Mortes,43.5661521,4.19154,2026-08-20,11:00,25.41,1.0,0.7,2.02,37
Aigues Mortes,43.5661521,4.19154,2026-08-20,14:00,27.31,1.0,0.3,3.25,38
Aigues Mortes,43.5661521,4.19154,2026-08-20,17:00,28.1,0.0,0.0,5.61,64
Aigues Mortes,43.5661521,4.19154,2026-08-20,20:00,28.28,0.2,0.15,6.17,52
Aigues Mortes,43.5661521,4.19154,2026-08-20,23:00,25.78,0.55,0.36,6.38,0
Aigues Mortes,43.5661521,4.19154,2026-08-21,02:00,24.1,0.21,0.0,4.38,25
Aigues Mortes,43.5661521,4.19154,2026-08-21,05:00,23.07,0.0,0.0,3.77,84
Aigues Mortes,43.5661521,4.19154,2026-08-21,08:00,23.3,0.0,0.0,3.25,92
Aigues Mortes,43.5661521,4.19154,2026-08-21,11:00,25.91,0.0,0.0,1.53,100
Aigues Mortes,43.5661521,4.19154,2026-08-21,14:00,27.53,0.0,0.0,1.86,100
Aigues Mortes,43.5661521,4.19154,2026-08-21,17:00,28.75,0.0,0.0,5.88,99
Saintes Maries de la mer,43.4515922,4.4277202,2026-08-16,20:00,26.2,0.26,0.13,3.55,34
Saintes Maries de la mer,43.4515922,4.4277202,2026-08-16,23:00,25.46,1.0,1.04,3.87,55
Saintes Maries de la mer,43.4515922,4.4277202,2026-08-17,02:00,24.45,0.74,0.0,4.73,77
Saintes Maries de la mer,43.4515922,4.4277202,2026-08-17,05:00,24.06,0.0,0.0,3.15,69
Saintes Maries de la mer,43.4515922,4.4277202,2026-08-17,08:00,24.15,0.0,0.0,3.01,38
Saintes Maries de la mer,43.4515922,4.4277202,2026-08-17,11:00,27.55,0.0,0.0,3.84,31
Saintes Maries de la mer,43.4515922,4.4277202,2026-08-17,14:00,29.57,0.0,0.0,5.48,48
Saintes Maries de la mer,43.4515922,4.4277202,2026-08-17,17:00,32.15,0.0,0.0,6.69,100
Saintes Maries de la mer,43.4515922,4.4277202,2026-08-17,20:00,31.37,0.0,0.0,7.75,100
Saintes Maries de la mer,43.4515922,4.4277202,2026-08-17,23:00,27.96,0.0,0.0,7.16,22
Saintes Maries de la mer,43.4515922,4.4277202,2026-08-18,02:00,27.55,0.0,0.0,6.26,48
Saintes Maries de la mer,43.4515922,4.4277202,2026-08-18,05:00,25.95,0.0,0.0,6.87,100
Saintes Maries de la mer,43.4515922,4.4277202,2026-08-18,08:00,25.31,0.0,0.0,6.9,52
Saintes Maries de la mer,43.4515922,4.4277202,2026-08-18,11:00,29.56,0.0,0.0,6.72,0
Saintes Maries de la mer,43.4515922,4.4277202,2026-08-18,14:00,31.1,0.0,0.0,5.17,42
Saintes Maries de la mer,43.4515922,4.4277202,2026-08-18,17:00,31.68,0.0,0.0,5.32,12
Saintes Maries de la mer,43.4515922,4.4277202,2026-08-18,20:00,31.06,0.0,0.0,2.73,48
Saintes Maries de la mer,43.4515922,4.4277202,2026-08-18,23:00,27.68,0.0,0.0,3.57,100
Saintes Maries de la mer,43.4515922,4.4277202,2026-08-19,02:00,26.98,0.0,0.0,4.3,99
Saintes Maries de la mer,43.4515922,4.4277202,2026-08-19,05:00,26.19,0.0,0.0,3.53,66
Saintes Maries de la mer,43.4515922,4.4277202,2026-08-19,08:00,25.85,0.0,0.0,2.35,32
Saintes Maries de la mer,43.4515922,4.4277202,2026-08-19,11:00,28.3,0.0,0.0,2.78,1
Saintes Maries de la mer,43.4515922,4.4277202,2026-08-19,14:00,29.11,0.0,0.0,5.65,3
Saintes Maries de la mer,43.4515922,4.4277202,2026-08-19,17:00,27.82,0.0,0.0,9.07,0
Saintes Maries de la mer,43.4515922,4.4277202,2026-08-19,20:00,27.71,0.0,0.0,11.19,1
Saintes Maries de la mer,43.4515922,4.4277202,2026-08-19,23:00,26.54,0.25,0.15,7.25,81
Saintes Maries de la mer,43.4515922,4.4277202,2026-08-20,02:00,24.75,0.36,0.23,5.81,89
Saintes Maries de la mer,43.4515922,4.4277202,2026-08-20,05:00,23.34,0.0,0.0,3.42,100
Saintes Maries de la mer,43.4515922,4.4277202,2026-08-20,08:00,22.2,0.58,0.55,6.03,96
Saintes Maries de la mer,43.4515922,4.4277202,2026-08-20,11:00,25.56,0.98,0.45,3.97,32
Saintes Maries de la mer,43.4515922,4.4277202,2026-08-20,14:00,26.73,0.8,0.3,5.0,22
Saintes Maries de la mer,43.4515922,4.4277202,2026-08-20,17:00,26.97,0.0,0.0,5.26,71
Saintes Maries de la mer,43.4515922,4.4277202,2026-08-20,20:00,26.87,0.0,0.0,7.41,66
Saintes Maries de la mer,43.4515922,4.4277202,2026-08-20,23:00,26.01,0.25,0.12,8.67,0
Saintes Maries de la mer,43.4515922,4.4277202,2026-08-21,02:00,24.08,0.0,0.0,8.54,17
Saintes Maries de la mer,43.4515922,4.4277202,2026-08-21,05:00,23.65,0.0,0.0,5.9,80
Saintes Maries de la mer,43.4515922,4.4277202,2026-08-21,08:00,23.07,0.0,0.0,4.95,90
Saintes Maries de la mer,43.4515922,4.4277202,2026-08-21,11:00,25.72,0.0,0.0,3.1,100
Saintes Maries de la mer,43.4515922,4.4277202,2026-08-21,14:00,26.51,0.2,0.18,3.36,100
Saintes Maries de la mer,43.4515922,4.4277202,2026-08-21,17:00,27.25,0.0,0.0,4.71,96
Collioure,42.52505,3.0831554,2026-08-16,20:00,26.32,0.95,0.17,3.94,69
Collioure,42.52505,3.0831554,2026-08-16,23:00,25.78,0.03,0.0,3.18,79
Collioure,42.52505,3.0831554,2026-08-17,02:00,25.06,0.0,0.0,2.82,84
Collioure,42.52505,3.0831554,2026-08-17,05:00,24.43,0.0,0.0,2.86,68
Collioure,42.52505,3.0831554,2026-08-17,08:00,23.87,0.0,0.0,3.93,47
Collioure,42.52505,3.0831554,2026-08-17,11:00,29.31,0.0,0.0,3.62,37
Collioure,42.52505,3.0831554,2026-08-17,14:00,32.78,0.0,0.0,5.61,64
Collioure,42.52505,3.0831554,2026-08-17,17:00,34.11,0.0,0.0,7.17,59
Collioure,42.52505,3.0831554,2026-08-17,20:00,31.04,0.0,0.0,6.69,64
Collioure,42.52505,3.0831554,2026-08-17,23:00,28.57,0.0,0.0,5.75,97
Collioure,42.52505,3.0831554,2026-08-18,02:00,27.36,0.0,0.0,7.33,79
Collioure,42.52505,3.0831554,2026-08-18,05:00,24.39,0.0,0.0,5.92,69
Collioure,42.52505,3.0831554,2026-08-18,08:00,23.11,0.0,0.0,5.27,38
Collioure,42.52505,3.0831554,2026-08-18,11:00,28.8,0.0,0.0,5.54,0
Collioure,42.52505,3.0831554,2026-08-18,14:00,32.89,0.0,0.0,6.09,1
Collioure,42.52505,3.0831554,2026-08-18,17:00,34.14,0.0,0.0,6.38,6
Collioure,42.52505,3.0831554,2026-08-18,20:00,31.54,0.0,0.0,4.92,3
Collioure,42.52505,3.0831554,2026-08-18,23:00,26.95,0.0,0.0,3.66,0
Collioure,42.52505,3.0831554,2026-08-19,02:00,25.72,0.0,0.0,2.46,0
Collioure,42.52505,3.0831554,2026-08-19,05:00,25.39,0.0,0.0,1.96,0
Collioure,42.52505,3.0831554,2026-08-19,08:00,24.81,0.0,0.0,3.0,0
Collioure,42.52505,3.0831554,2026-08-19,11:00,30.22,0.0,0.0,3.29,0
Collioure,42.52505,3.0831554,2026-08-19,14:00,32.68,0.0,0.0,2.67,1
Collioure,42.52505,3.0831554,2026-08-19,17:00,31.9,0.0,0.0,4.05,9
Collioure,42.52505,3.0831554,2026-08-19,20:00,29.52,0.08,0.0,1.59,13
Collioure,42.52505,3.0831554,2026-08-19,23:00,25.34,0.27,0.26,2.21,0
Collioure,42.52505,3.0831554,2026-08-20,02:00,23.7,1.0,0.75,1.97,23
Collioure,42.52505,3.0831554,2026-08-20,05:00,22.88,0.0,0.0,2.62,59
Collioure,42.52505,3.0831554,2026-08-20,08:00,22.53,0.0,0.0,3.43,30
Collioure,42.52505,3.0831554,2026-08-20,11:00,28.75,0.0,0.0,1.68,34
Collioure,42.52505,3.0831554,2026-08-20,14:00,30.47,0.0,0.0,3.7,36
Collioure,42.52505,3.0831554,2026-08-20,17:00,30.7,0.0,0.0,0.79,100
Collioure,42.52505,3.0831554,2026-08-20,20:00,28.37,0.0,0.0,3.23,75
Collioure,42.52505,3.0831554,2026-08-20,23:00,24.66,0.0,0.0,4.16,15
Collioure,42.52505,3.0831554,2026-08-21,02:00,23.32,0.0,0.0,3.8,48
Collioure,42.52505,3.0831554,2026-08-21,05:00,21.39,1.0,0.85,3.42,71
Collioure,42.52505,3.0831554,2026-08-21,08:00,20.53,1.0,1.79,4.02,86
Collioure,42.52505,3.0831554,2026-08-21,11:00,21.52,0.8,0.69,4.07,100
Collioure,42.52505,3.0831554,2026-08-21,14:00,23.9,0.7,0.6,1.94,100
Collioure,42.52505,3.0831554,2026-08-21,17:00,27.1,1.0,1.02,1.75,98
Carcassonne,43.2130358,2.3491069,2026-08-16,20:00,31.11,0.3,0.36,3.76,88
Carcassonne,43.2130358,2.3491069,2026-08-16,23:00,29.49,1.0,1.7,2.03,73
Carcassonne,43.2130358,2.3491069,2026-08-17,02:00,26.76,1.0,0.53,3.62,75
Carcassonne,43.2130358,2.3491069,2026-08-17,05:00,22.64,0.24,0.1,3.55,46
Carcassonne,43.2130358,2.3491069,2026-08-17,08:00,23.72,0.0,0.0,4.07,46
Carcassonne,43.2130358,2.3491069,2026-08-17,11:00,26.65,0.0,0.0,5.79,68
Carcassonne,43.2130358,2.3491069,2026-08-17,14:00,30.75,0.0,0.0,7.08,59
Carcassonne,43.2130358,2.3491069,2026-08-17,17:00,37.77,0.0,0.0,7.11,41
Carcassonne,43.2130358,2.3491069,2026-08-17,20:00,34.29,0.0,0.0,5.94,64
Carcassonne,43.2130358,2.3491069,2026-08-17,23:00,27.29,0.0,0.0,3.62,35
Carcassonne,43.2130358,2.3491069,2026-08-18,02:00,25.25,0.0,0.0,6.21,53
Carcassonne,43.2130358,2.3491069,2026-08-18,05:00,21.89,0.0,0.0,4.96,56
Carcassonne,43.2130358,2.3491069,2026-08-18,08:00,21.16,0.0,0.0,4.97,51
Carcassonne,43.2130358,2.3491069,2026-08-18,11:00,25.45,0.0,0.0,6.18,26
Carcassonne,43.2130358,2.3491069,2026-08-18,14:00,31.19,0.0,0.0,6.26,16
Carcassonne,43.2130358,2.3491069,2026-08-18,17:00,33.38,0.0,0.0,6.81,5
Carcassonne,43.2130358,2.3491069,2026-08-18,20:00,30.59,0.0,0.0,5.29,6
Carcassonne,43.2130358,2.3491069,2026-08-18,23:00,24.82,0.0,0.0,2.6,14
Carcassonne,43.2130358,2.3491069,2026-08-19,02:00,22.66,0.0,0.0,2.28,18
Carcassonne,43.2130358,2.3491069,2026-08-19,05:00,19.91,0.0,0.0,3.54,1
Carcassonne,43.2130358,2.3491069,2026-08-19,08:00,19.15,0.0,0.0,3.92,1
Carcassonne,43.2130358,2.3491069,2026-08-19,11:00,25.47,0.0,0.0,4.99,10
Carcassonne,43.2130358,2.3491069,2026-08-19,14:00,31.64,0.0,0.0,4.84,6
Carcassonne,43.2130358,2.3491069,2026-08-19,17:00,32.05,0.33,0.22,5.11,13
Carcassonne,43.2130358,2.3491069,2026-08-19,20:00,25.38,1.0,1.79,2.99,39
Carcassonne,43.2130358,2.3491069,2026-08-19,23:00,21.06,1.0,1.26,3.44,98
Carcassonne,43.2130358,2.3491069,2026-08-20,02:00,20.32,1.0,1.23,3.15,100
Carcassonne,43.2130358,2.3491069,2026-08-20,05:00,18.51,0.0,0.0,3.34,89
Carcassonne,43.2130358,2.3491069,2026-08-20,08:00,18.68,0.0,0.0,3.76,74
Carcassonne,43.2130358,2.3491069,2026-08-20,11:00,22.41,0.0,0.0,4.55,97
Carcassonne,43.2130358,2.3491069,2026-08-20,14:00,27.73,0.0,0.0,5.15,80
Carcassonne,43.2130358,2.3491069,2026-08-20,17:00,29.56,0.0,0.0,5.91,93
Carcassonne,43.2130358,2.3491069,2026-08-20,20:00,26.66,0.0,0.0,6.2,57
Carcassonne,43.2130358,2.3491069,2026-08-20,23:00,22.14,0.0,0.0,3.45,0
Carcassonne,43.2130358,2.3491069,2026-08-21,02:00,22.21,0.0,0.0,3.57,51
Carcassonne,43.2130358,2.3491069,2026-08-21,05:00,19.7,0.0,0.0,5.23,100
Carcassonne,43.2130358,2.3491069,2026-08-21,08:00,19.4,0.0,0.0,4.31,100
Carcassonne,43.2130358,2.3491069,2026-08-21,11:00,22.16,0.0,0.0,5.46,100
Carcassonne,43.2130358,2.3491069,2026-08-21,14:00,26.38,0.0,0.0,5.47,100
Carcassonne,43.2130358,2.3491069,2026-08-21,17:00,28.04,0.0,0.0,6.0,77
Ariege,42.9455368,1.4065544,2026-08-16,20:00,19.58,0.8,0.82,1.31,98
Ariege,42.9455368,1.4065544,2026-08-16,23:00,19.79,0.97,1.4,2.51,83
Ariege,42.9455368,1.4065544,2026-08-17,02:00,19.16,0.99,0.91,1.93,82
Ariege,42.9455368,1.4065544,2026-08-17,05:00,17.8,0.61,0.43,1.36,72
Ariege,42.9455368,1.4065544,2026-08-17,08:00,18.79,0.22,0.0,1.79,52
Ariege,42.9455368,1.4065544,2026-08-17,11:00,23.91,0.0,0.0,1.86,30
Ariege,42.9455368,1.4065544,2026-08-17,14:00,28.66,0.0,0.0,2.99,43
Ariege,42.9455368,1.4065544,2026-08-17,17:00,28.51,0.0,0.0,3.24,61
Ariege,42.9455368,1.4065544,2026-08-17,20:00,25.29,0.0,0.0,1.75,67
Ariege,42.9455368,1.4065544,2026-08-17,23:00,21.03,0.0,0.0,1.69,94
Ariege,42.9455368,1.4065544,2026-08-18,02:00,19.05,0.0,0.0,1.21,87
Ariege,42.9455368,1.4065544,2026-08-18,05:00,15.21,0.0,0.0,1.35,69
Ariege,42.9455368,1.4065544,2026-08-18,08:00,15.43,0.0,0.0,1.16,54
Ariege,42.9455368,1.4065544,2026-08-18,11:00,21.15,0.0,0.0,1.97,0
Ariege,42.9455368,1.4065544,2026-08-18,14:00,25.29,0.0,0.0,2.6,0
Ariege,42.9455368,1.4065544,2026-08-18,17:00,26.35,0.0,0.0,2.84,4
Ariege,42.9455368,1.4065544,2026-08-18,20:00,21.21,0.0,0.0,0.8,3
Ariege,42.9455368,1.4065544,2026-08-18,23:00,17.47,0.0,0.0,2.68,1
Ariege,42.9455368,1.4065544,2026-08-19,02:00,16.69,0.0,0.0,2.29,0
Ariege,42.9455368,1.4065544,2026-08-19,05:00,14.74,0.0,0.0,1.65,0
Ariege,42.9455368,1.4065544,2026-08-19,08:00,14.54,0.0,0.0,1.46,2
Ariege,42.9455368,1.4065544,2026-08-19,11:00,21.95,0.0,0.0,1.55,9
Ariege,42.9455368,1.4065544,2026-08-19,14:00,25.83,0.0,0.0,3.03,10
Ariege,42.9455368,1.4065544,2026-08-19,17:00,25.84,0.37,0.12,2.98,33
Ariege,42.9455368,1.4065544,2026-08-19,20:00,19.68,0.55,0.47,1.42,19
Ariege,42.9455368,1.4065544,2026-08-19,23:00,14.98,1.0,1.93,0.99,28
Ariege,42.9455368,1.4065544,2026-08-20,02:00,15.38,1.0,0.82,1.37,65
Ariege,42.9455368,1.4065544,2026-08-20,05:00,13.47,0.0,0.0,1.42,94
Ariege,42.9455368,1.4065544,2026-08-20,08:00,14.3,0.0,0.0,0.55,83
Ariege,42.9455368,1.4065544,2026-08-20,11:00,18.69,0.0,0.0,1.37,72
Ariege,42.9455368,1.4065544,2026-08-20,14:00,19.55,0.2,0.17,1.56,78
Ariege,42.9455368,1.4065544,2026-08-20,17:00,21.1,0.0,0.0,2.19,82
Ariege,42.9455368,1.4065544,2026-08-20,20:00,17.68,0.0,0.0,1.67,82
Ariege,42.9455368,1.4065544,2026-08-20,23:00,15.9,0.0,0.0,0.84,87
Ariege,42.9455368,1.4065544,2026-08-21,02:00,15.27,0.0,0.0,1.04,93
Ariege,42.9455368,1.4065544,2026-08-21,05:00,12.97,0.0,0.0,0.74,100
Ariege,42.9455368,1.4065544,2026-08-21,08:00,12.51,0.0,0.0,0.66,100
Ariege,42.9455368,1.4065544,2026-08-21,11:00,16.03,0.0,0.0,1.73,100
Ariege,42.9455368,1.4065544,2026-08-21,14:00,17.53,0.27,0.45,2.51,100
Ariege,42.9455368,1.4065544,2026-08-21,17:00,16.55,0.41,0.27,1.92,100
Toulouse,43.6044638,1.4442433,2026-08-16,20:00,29.99,0.0,0.0,2.58,72
Toulouse,43.6044638,1.4442433,2026-08-16,23:00,28.97,1.0,2.34,1.16,59
Toulouse,43.6044638,1.4442433,2026-08-17,02:00,25.7,1.0,0.6,3.87,41
Toulouse,43.6044638,1.4442433,2026-08-17,05:00,21.67,0.0,0.0,2.84,22
Toulouse,43.6044638,1.4442433,2026-08-17,08:00,21.19,0.0,0.0,3.36,43
Toulouse,43.6044638,1.4442433,2026-08-17,11:00,26.6,0.0,0.0,3.73,71
Toulouse,43.6044638,1.4442433,2026-08-17,14:00,31.64,0.0,0.0,3.97,68
Toulouse,43.6044638,1.4442433,2026-08-17,17:00,32.09,0.0,0.0,4.85,73
Toulouse,43.6044638,1.4442433,2026-08-17,20:00,34.03,0.0,0.0,2.71,87
Toulouse,43.6044638,1.4442433,2026-08-17,23:00,27.33,0.0,0.0,4.96,94
Toulouse,43.6044638,1.4442433,2026-08-18,02:00,23.18,0.0,0.0,5.06,85
Toulouse,43.6044638,1.4442433,2026-08-18,05:00,19.97,0.0,0.0,4.54,75
Toulouse,43.6044638,1.4442433,2026-08-18,08:00,18.88,0.0,0.0,4.07,53
Toulouse,43.6044638,1.4442433,2026-08-18,11:00,24.63,0.0,0.0,3.57,0
Toulouse,43.6044638,1.4442433,2026-08-18,14:00,29.75,0.0,0.0,3.53,3
Toulouse,43.6044638,1.4442433,2026-08-18,17:00,32.17,0.0,0.0,3.87,4
Toulouse,43.6044638,1.4442433,2026-08-18,20:00,30.07,0.0,0.0,2.67,5
Toulouse,43.6044638,1.4442433,2026-08-18,23:00,25.95,0.0,0.0,1.33,0
Toulouse,43.6044638,1.4442433,2026-08-19,02:00,22.53,0.0,0.0,3.57,0
Toulouse,43.6044638,1.4442433,2026-08-19,05:00,19.71,0.0,0.0,4.1,0
Toulouse,43.6044638,1.4442433,2026-08-19,08:00,18.65,0.0,0.0,3.77,1
Toulouse,43.6044638,1.4442433,2026-08-19,11:00,23.76,0.0,0.0,3.02,10
Toulouse,43.6044638,1.4442433,2026-08-19,14:00,29.16,0.0,0.0,3.23,6
Toulouse,43.6044638,1.4442433,2026-08-19,17:00,31.8,0.0,0.0,3.3,5
Toulouse,43.6044638,1.4442433,2026-08-19,20:00,27.35,0.61,0.58,2.57,12
Toulouse,43.6044638,1.4442433,2026-08-19,23:00,22.28,0.55,0.39,4.64,54
Toulouse,43.6044638,1.4442433,2026-08-20,02:00,20.01,0.6,0.47,5.3,77
Toulouse,43.6044638,1.4442433,2026-08-20,05:00,19.49,0.0,0.0,4.15,100
Toulouse,43.6044638,1.4442433,2026-08-20,08:00,19.08,0.44,0.6,2.58,97
Toulouse,43.6044638,1.4442433,2026-08-20,11:00,21.28,0.2,0.16,2.18,95
Toulouse,43.6044638,1.4442433,2026-08-20,14:00,24.11,0.0,0.0,2.05,99
Toulouse,43.6044638,1.4442433,2026-08-20,17:00,25.97,0.0,0.0,3.59,86
Toulouse,43.6044638,1.4442433,2026-08-20,20:00,24.57,0.0,0.0,2.87,91
Toulouse,43.6044638,1.4442433,2026-08-20,23:00,22.53,0.22,0.24,3.43,100
Toulouse,43.6044638,1.4442433,2026-08-21,02:00,20.07,0.21,0.12,4.11,100
Toulouse,43.6044638,1.4442433,2026-08-21,05:00,19.37,0.0,0.0,4.29,100
Toulouse,43.6044638,1.4442433,2026-08-21,08:00,18.94,0.0,0.0,2.49,100
Toulouse,43.6044638,1.4442433,2026-08-21,11:00,20.23,0.0,0.0,2.3,100
Toulouse,43.6044638,1.4442433,2026-08-21,14:00,23.98,0.0,0.0,3.65,99
Toulouse,43.6044638,1.4442433,2026-08-21,17:00,24.78,0.0,0.0,2.88,75
Montauban,44.0175835,1.3549991,2026-08-16,20:00,31.65,0.0,0.0,3.31,60
Montauban,44.0175835,1.3549991,2026-08-16,23:00,29.75,1.0,2.39,2.25,42
Montauban,44.0175835,1.3549991,2026-08-17,02:00,25.89,1.0,0.66,3.25,28
Montauban,44.0175835,1.3549991,2026-08-17,05:00,21.29,0.0,0.0,2.67,15
Montauban,44.0175835,1.3549991,2026-08-17,08:00,21.23,0.0,0.0,2.46,27
Montauban,44.0175835,1.3549991,2026-08-17,11:00,25.88,0.0,0.0,3.6,96
Montauban,44.0175835,1.3549991,2026-08-17,14:00,30.76,0.0,0.0,4.1,80
Montauban,44.0175835,1.3549991,2026-08-17,17:00,32.27,0.0,0.0,4.95,90
Montauban,44.0175835,1.3549991,2026-08-17,20:00,32.8,0.0,0.0,3.75,95
Montauban,44.0175835,1.3549991,2026-08-17,23:00,26.06,0.0,0.0,5.0,78
Montauban,44.0175835,1.3549991,2026-08-18,02:00,22.34,0.0,0.0,4.44,78
Montauban,44.0175835,1.3549991,2026-08-18,05:00,19.48,0.0,0.0,3.28,32
Montauban,44.0175835,1.3549991,2026-08-18,08:00,18.91,0.0,0.0,3.08,19
Montauban,44.0175835,1.3549991,2026-08-18,11:00,24.28,0.0,0.0,3.83,3
Montauban,44.0175835,1.3549991,2026-08-18,14:00,29.69,0.0,0.0,3.81,10
Montauban,44.0175835,1.3549991,2026-08-18,17:00,32.19,0.0,0.0,3.86,3
Montauban,44.0175835,1.3549991,2026-08-18,20:00,30.17,0.0,0.0,2.9,5
Montauban,44.0175835,1.3549991,2026-08-18,23:00,24.96,0.0,0.0,2.7,47
Montauban,44.0175835,1.3549991,2026-08-19,02:00,20.69,0.0,0.0,3.43,24
Montauban,44.0175835,1.3549991,2026-08-19,05:00,18.25,0.0,0.0,3.13,0
Montauban,44.0175835,1.3549991,2026-08-19,08:00,17.71,0.0,0.0,2.57,0
Montauban,44.0175835,1.3549991,2026-08-19,11:00,23.63,0.0,0.0,3.02,8
Montauban,44.0175835,1.3549991,2026-08-19,14:00,28.83,0.0,0.0,3.6,6
Montauban,44.0175835,1.3549991,2026-08-19,17:00,31.61,0.0,0.0,3.76,2
Montauban,44.0175835,1.3549991,2026-08-19,20:00,26.54,0.25,0.56,2.43,23
Montauban,44.0175835,1.3549991,2026-08-19,23:00,22.54,0.0,0.0,3.28,90
Montauban,44.0175835,1.3549991,2026-08-20,02:00,20.39,0.0,0.0,4.34,95
Montauban,44.0175835,1.3549991,2026-08-20,05:00,18.66,0.0,0.0,3.31,100
Montauban,44.0175835,1.3549991,2026-08-20,08:00,18.86,0.2,0.12,2.11,100
Montauban,44.0175835,1.3549991,2026-08-20,11:00,23.67,0.35,0.21,3.03,98
Montauban,44.0175835,1.3549991,2026-08-20,14:00,24.01,0.98,0.86,3.89,96
Montauban,44.0175835,1.3549991,2026-08-20,17:00,27.15,0.0,0.0,4.57,73
Montauban,44.0175835,1.3549991,2026-08-20,20:00,25.24,0.0,0.0,4.67,87
Montauban,44.0175835,1.3549991,2026-08-20,23:00,21.73,0.0,0.0,1.4,71
Montauban,44.0175835,1.3549991,2026-08-21,02:00,20.58,0.0,0.0,4.02,85
Montauban,44.0175835,1.3549991,2026-08-21,05:00,19.23,0.0,0.0,3.3,100
Montauban,44.0175835,1.3549991,2026-08-21,08:00,18.59,0.0,0.0,3.08,100
Montauban,44.0175835,1.3549991,2026-08-21,11:00,20.9,0.0,0.0,3.03,95
Montauban,44.0175835,1.3549991,2026-08-21,14:00,22.65,0.0,0.0,3.85,98
Montauban,44.0175835,1.3549991,2026-08-21,17:00,26.24,0.0,0.0,3.37,64
Biarritz,43.4832523,-1.5592776,2026-08-16,20:00,25.3,0.0,0.0,2.71,27
Biarritz,43.4832523,-1.5592776,2026-08-16,23:00,24.64,0.0,0.0,1.69,19
Biarritz,43.4832523,-1.5592776,2026-08-17,02:00,22.86,0.0,0.0,2.32,12
Biarritz,43.4832523,-1.5592776,2026-08-17,05:00,21.3,0.0,0.0,2.79,96
Biarritz,43.4832523,-1.5592776,2026-08-17,08:00,21.43,0.0,0.0,2.98,92
Biarritz,43.4832523,-1.5592776,2026-08-17,11:00,23.17,0.2,0.13,3.4,97
Biarritz,43.4832523,-1.5592776,2026-08-17,14:00,23.63,0.0,0.0,2.77,95
Biarritz,43.4832523,-1.5592776,2026-08-17,17:00,23.53,0.0,0.0,3.57,60
Biarritz,43.4832523,-1.5592776,2026-08-17,20:00,22.89,0.0,0.0,2.61,80
Biarritz,43.4832523,-1.5592776,2026-08-17,23:00,21.69,0.0,0.0,2.38,100
Biarritz,43.4832523,-1.5592776,2026-08-18,02:00,21.57,0.0,0.0,2.02,99
Biarritz,43.4832523,-1.5592776,2026-08-18,05:00,21.3,0.0,0.0,1.4,100
Biarritz,43.4832523,-1.5592776,2026-08-18,08:00,21.52,0.0,0.0,0.64,100
Biarritz,43.4832523,-1.5592776,2026-08-18,11:00,22.99,0.0,0.0,1.8,60
Biarritz,43.4832523,-1.5592776,2026-08-18,14:00,22.93,0.0,0.0,3.65,29
Biarritz,43.4832523,-1.5592776,2026-08-18,17:00,22.7,0.0,0.0,3.44,0
Biarritz,43.4832523,-1.5592776,2026-08-18,20:00,22.39,0.0,0.0,2.53,0
Biarritz,43.4832523,-1.5592776,2026-08-18,23:00,20.89,0.0,0.0,1.76,0
Biarritz,43.4832523,-1.5592776,2026-08-19,02:00,20.35,0.0,0.0,1.84,5
Biarritz,43.4832523,-1.5592776,2026-08-19,05:00,20.85,0.2,0.15,2.12,66
Biarritz,43.4832523,-1.5592776,2026-08-19,08:00,20.82,0.2,0.23,0.95,83
Biarritz,43.4832523,-1.5592776,2026-08-19,11:00,22.39,0.0,0.0,1.17,99
Biarritz,43.4832523,-1.5592776,2026-08-19,14:00,22.84,0.0,0.0,3.38,86
Biarritz,43.4832523,-1.5592776,2026-08-19,17:00,22.84,0.0,0.0,3.49,4
Biarritz,43.4832523,-1.5592776,2026-08-19,20:00,22.37,0.0,0.0,2.56,28
Biarritz,43.4832523,-1.5592776,2026-08-19,23:00,20.75,0.0,0.0,2.95,100
Biarritz,43.4832523,-1.5592776,2026-08-20,02:00,20.18,0.0,0.0,2.27,99
Biarritz,43.4832523,-1.5592776,2026-08-20,05:00,20.07,0.2,0.12,2.54,73
Biarritz,43.4832523,-1.5592776,2026-08-20,08:00,19.34,0.21,0.17,2.86,80
Biarritz,43.4832523,-1.5592776,2026-08-20,11:00,21.23,0.62,0.4,1.55,95
Biarritz,43.4832523,-1.5592776,2026-08-20,14:00,21.88,0.37,0.0,3.91,97
Biarritz,43.4832523,-1.5592776,2026-08-20,17:00,21.37,0.2,0.13,4.8,100
Biarritz,43.4832523,-1.5592776,2026-08-20,20:00,20.99,0.01,0.0,4.61,100
Biarritz,43.4832523,-1.5592776,2026-08-20,23:00,20.15,0.0,0.0,2.06,100
Biarritz,43.4832523,-1.5592776,2026-08-21,02:00,20.14,0.0,0.0,1.92,100
Biarritz,43.4832523,-1.5592776,2026-08-21,05:00,20.17,0.0,0.0,2.33,100
Biarritz,43.4832523,-1.5592776,2026-08-21,08:00,19.77,0.2,0.12,1.27,100
Biarritz,43.4832523,-1.5592776,2026-08-21,11:00,20.94,0.24,0.15,1.66,89
Biarritz,43.4832523,-1.5592776,2026-08-21,14:00,20.35,0.44,0.33,2.74,95
Biarritz,43.4832523,-1.5592776,2026-08-21,17:00,21.31,0.0,0.0,3.32,99
Bayonne,43.4945144,-1.4736657,2026-08-16,20:00,25.42,0.0,0.0,2.91,29
Bayonne,43.4945144,-1.4736657,2026-08-16,23:00,24.98,0.0,0.0,1.61,20
Bayonne,43.4945144,-1.4736657,2026-08-17,02:00,24.0,0.0,0.0,1.83,14
Bayonne,43.4945144,-1.4736657,2026-08-17,05:00,22.73,0.0,0.0,2.26,92
Bayonne,43.4945144,-1.4736657,2026-08-17,08:00,22.82,0.0,0.0,2.37,84
Bayonne,43.4945144,-1.4736657,2026-08-17,11:00,24.3,0.2,0.13,3.2,95
Bayonne,43.4945144,-1.4736657,2026-08-17,14:00,26.92,0.0,0.0,3.02,97
Bayonne,43.4945144,-1.4736657,2026-08-17,17:00,26.24,0.0,0.0,3.93,70
Bayonne,43.4945144,-1.4736657,2026-08-17,20:00,24.36,0.0,0.0,2.67,85
Bayonne,43.4945144,-1.4736657,2026-08-17,23:00,23.53,0.0,0.0,2.08,100
Bayonne,43.4945144,-1.4736657,2026-08-18,02:00,23.55,0.0,0.0,1.68,100
Bayonne,43.4945144,-1.4736657,2026-08-18,05:00,22.25,0.0,0.0,1.14,100
Bayonne,43.4945144,-1.4736657,2026-08-18,08:00,22.23,0.0,0.0,0.33,100
Bayonne,43.4945144,-1.4736657,2026-08-18,11:00,23.61,0.0,0.0,1.62,43
Bayonne,43.4945144,-1.4736657,2026-08-18,14:00,24.09,0.0,0.0,3.86,22
Bayonne,43.4945144,-1.4736657,2026-08-18,17:00,23.56,0.0,0.0,3.64,0
Bayonne,43.4945144,-1.4736657,2026-08-18,20:00,22.54,0.0,0.0,2.78,0
Bayonne,43.4945144,-1.4736657,2026-08-18,23:00,20.06,0.0,0.0,1.55,0
Bayonne,43.4945144,-1.4736657,2026-08-19,02:00,19.49,0.0,0.0,1.54,4
Bayonne,43.4945144,-1.4736657,2026-08-19,05:00,20.43,0.2,0.12,1.82,74
Bayonne,43.4945144,-1.4736657,2026-08-19,08:00,20.48,0.2,0.18,0.56,86
Bayonne,43.4945144,-1.4736657,2026-08-19,11:00,22.58,0.0,0.0,1.02,99
Bayonne,43.4945144,-1.4736657,2026-08-19,14:00,23.82,0.0,0.0,3.71,80
Bayonne,43.4945144,-1.4736657,2026-08-19,17:00,23.55,0.0,0.0,3.84,5
Bayonne,43.4945144,-1.4736657,2026-08-19,20:00,22.36,0.0,0.0,2.65,27
Bayonne,43.4945144,-1.4736657,2026-08-19,23:00,20.14,0.0,0.0,2.47,100
Bayonne,43.4945144,-1.4736657,2026-08-20,02:00,19.27,0.0,0.0,1.74,98
Bayonne,43.4945144,-1.4736657,2026-08-20,05:00,19.12,0.2,0.14,1.98,70
Bayonne,43.4945144,-1.4736657,2026-08-20,08:00,18.58,0.33,0.1,2.4,79
Bayonne,43.4945144,-1.4736657,2026-08-20,11:00,21.39,0.44,0.2,1.65,94
Bayonne,43.4945144,-1.4736657,2026-08-20,14:00,22.57,0.17,0.0,3.21,97
Bayonne,43.4945144,-1.4736657,2026-08-20,17:00,21.8,0.26,0.22,4.66,100
Bayonne,43.4945144,-1.4736657,2026-08-20,20:00,20.93,0.0,0.0,4.19,99
Bayonne,43.4945144,-1.4736657,2026-08-20,23:00,19.81,0.0,0.0,1.65,100
Bayonne,43.4945144,-1.4736657,2026-08-21,02:00,19.75,0.0,0.0,1.41,100
Bayonne,43.4945144,-1.4736657,2026-08-21,05:00,19.73,0.0,0.0,1.68,100
Bayonne,43.4945144,-1.4736657,2026-08-21,08:00,19.21,0.0,0.0,1.13,100
Bayonne,43.4945144,-1.4736657,2026-08-21,11:00,21.3,0.31,0.12,1.14,95
Bayonne,43.4945144,-1.4736657,2026-08-21,14:00,20.46,0.24,0.24,2.65,97
Bayonne,43.4945144,-1.4736657,2026-08-21,17:00,21.68,0.0,0.0,3.46,98
La Rochelle,46.159732,-1.1515951,2026-08-16,20:00,26.23,0.0,0.0,6.21,23
La Rochelle,46.159732,-1.1515951,2026-08-16,23:00,25.42,0.0,0.0,5.11,45
La Rochelle,46.159732,-1.1515951,2026-08-17,02:00,23.11,0.0,0.0,3.53,54
La Rochelle,46.159732,-1.1515951,2026-08-17,05:00,20.23,0.0,0.0,2.88,36
La Rochelle,46.159732,-1.1515951,2026-08-17,08:00,20.2,0.0,0.0,2.91,64
La Rochelle,46.159732,-1.1515951,2026-08-17,11:00,24.39,0.0,0.0,3.32,99
La Rochelle,46.159732,-1.1515951,2026-08-17,14:00,26.11,0.0,0.0,6.52,100
La Rochelle,46.159732,-1.1515951,2026-08-17,17:00,23.86,0.0,0.0,8.34,100
La Rochelle,46.159732,-1.1515951,2026-08-17,20:00,23.41,0.0,0.0,8.19,99
La Rochelle,46.159732,-1.1515951,2026-08-17,23:00,21.01,0.0,0.0,5.42,31
La Rochelle,46.159732,-1.1515951,2026-08-18,02:00,19.97,0.0,0.0,2.63,16
La Rochelle,46.159732,-1.1515951,2026-08-18,05:00,19.43,0.0,0.0,3.88,0
La Rochelle,46.159732,-1.1515951,2026-08-18,08:00,19.06,0.0,0.0,3.56,21
La Rochelle,46.159732,-1.1515951,2026-08-18,11:00,21.16,0.0,0.0,3.57,7
La Rochelle,46.159732,-1.1515951,2026-08-18,14:00,21.28,0.0,0.0,5.7,26
La Rochelle,46.159732,-1.1515951,2026-08-18,17:00,20.67,0.0,0.0,7.75,100
La Rochelle,46.159732,-1.1515951,2026-08-18,20:00,20.58,0.0,0.0,6.83,100
La Rochelle,46.159732,-1.1515951,2026-08-18,23:00,19.37,0.0,0.0,5.78,33
La Rochelle,46.159732,-1.1515951,2026-08-19,02:00,19.81,0.0,0.0,5.53,17
La Rochelle,46.159732,-1.1515951,2026-08-19,05:00,19.59,0.0,0.0,4.42,0
La Rochelle,46.159732,-1.1515951,2026-08-19,08:00,20.12,0.0,0.0,2.77,26
La Rochelle,46.159732,-1.1515951,2026-08-19,11:00,20.92,0.0,0.0,3.58,98
La Rochelle,46.159732,-1.1515951,2026-08-19,14:00,21.51,0.0,0.0,5.55,92
La Rochelle,46.159732,-1.1515951,2026-08-19,17:00,19.59,0.24,0.25,4.32,97
La Rochelle,46.159732,-1.1515951,2026-08-19,20:00,19.29,0.0,0.0,4.63,99
La Rochelle,46.159732,-1.1515951,2026-08-19,23:00,18.97,0.0,0.0,5.16,74
La Rochelle,46.159732,-1.1515951,2026-08-20,02:00,18.05,0.0,0.0,5.69,69
La Rochelle,46.159732,-1.1515951,2026-08-20,05:00,17.7,0.0,0.0,5.37,86
La Rochelle,46.159732,-1.1515951,2026-08-20,08:00,17.07,0.0,0.0,1.66,93
La Rochelle,46.159732,-1.1515951,2026-08-20,11:00,19.28,0.0,0.0,3.86,100
La Rochelle,46.159732,-1.1515951,2026-08-20,14:00,20.48,0.0,0.0,5.51,88
La Rochelle,46.159732,-1.1515951,2026-08-20,17:00,20.4,0.0,0.0,6.82,25
La Rochelle,46.159732,-1.1515951,2026-08-20,20:00,19.88,0.0,0.0,6.77,46
La Rochelle,46.159732,-1.1515951,2026-08-20,23:00,18.84,0.0,0.0,5.66,10
La Rochelle,46.159732,-1.1515951,2026-08-21,02:00,18.49,0.0,0.0,5.23,23
La Rochelle,46.159732,-1.1515951,2026-08-21,05:00,17.52,0.0,0.0,5.04,22
La Rochelle,46.159732,-1.1515951,2026-08-21,08:00,15.7,0.0,0.0,3.76,10
La Rochelle,46.159732,-1.1515951,2026-08-21,11:00,18.02,0.0,0.0,2.62,5
La Rochelle,46.159732,-1.1515951,2026-08-21,14:00,19.18,0.0,0.0,6.14,24
La Rochelle,46.159732,-1.1515951,2026-08-21,17:00,19.76,0.0,0.0,7.64,28
