city,lat,lon,date,temp,temp,temp,prob_rain,volume_rain,volume_rain,volume_rain,wind_speed,perc_cloud,score_temp,score_rain_prob,score_rain_vol,score_wind,score_cloud,total_score
,,,,mean,min,max,max,mean,max,sum,max,mean,,,,,,
Aigues Mortes,43.5661521,4.19154,2026-08-16,29.96,28.94,30.98,93.0,0.7050000000000001,0.87,1.4100000000000001,18.18,65.0,76.08,7.0,92.95,81.82,35.0,63.791
Aigues Mortes,43.5661521,4.19154,2026-08-17,29.59,23.16,36.02,80.0,0.0,0.0,0.0,30.816000000000003,64.25,55.91999999999999,20.0,100.0,69.184,35.75,61.2694
Aigues Mortes,43.5661521,4.19154,2026-08-18,29.408749999999998,24.49,33.47,0.0,0.0,0.0,0.0,21.348,50.5,66.12,100.0,100.0,78.652,49.5,82.6512
Aigues Mortes,43.5661521,4.19154,2026-08-19,28.46,25.92,32.61,80.0,0.05375,0.43,0.43,39.744,37.125,69.56,20.0,97.85,60.256,62.875,66.53609999999999
Aigues Mortes,43.5661521,4.19154,2026-08-20,25.5775,22.14,28.28,100.0,0.47,1.28,3.76,22.968,60.125,86.88,0.0,81.2,77.032,39.875,62.11469999999999
Aigues Mortes,43.5661521,4.19154,2026-08-21,25.44333333333333,23.07,28.75,21.0,0.0,0.0,0.0,21.168,83.33333333333333,85.0,79.0,100.0,78.832,16.66666666666667,80.84986666666667
Aix en Provence,43.5298424,5.4474738,2026-08-16,29.46,27.09,31.83,0.0,0.0,0.0,0.0,16.128000000000004,32.0,72.68,100.0,100.0,83.872,68.0,86.9912
Aix en Provence,43.5298424,5.4474738,2026-08-17,28.04375,20.73,37.27,0.0,0.0,0.0,0.0,34.236,66.625,50.91999999999999,100.0,100.0,65.76400000000001,33.375,75.18990000000001
Aix en Provence,43.5298424,5.4474738,2026-08-18,28.96875,22.09,35.62,0.0,0.0,0.0,0.0,26.712,60.625,57.52000000000001,100.0,100.0,73.288,39.375,78.5223
Aix en Provence,43.5298424,5.4474738,2026-08-19,29.52125,25.56,34.82,0.0,0.0,0.0,0.0,20.16,19.0,60.72,100.0,100.0,79.84,81.0,84.29999999999998
Aix en Provence,43.5298424,5.4474738,2026-08-20,28.1125,24.46,33.0,98.0,0.25,2.0,2.0,16.884,53.625,68.0,2.0,90.0,83.116,46.375,60.7491
Aix en Provence,43.5298424,5.4474738,2026-08-21,26.668333333333333,24.17,29.64,20.0,0.024999999999999998,0.15,0.15,19.8,81.66666666666667,81.44,80.0,99.25,80.2,18.33333333333333,80.06033333333332
Amiens,49.8941708,2.2956951,2026-08-16,25.93,25.18,26.68,0.0,0.0,0.0,0.0,16.308,100.0,93.28,100.0,100.0,83.69200000000001,0.0,86.3532
Amiens,49.8941708,2.2956951,2026-08-17,22.42,18.88,27.27,32.0,0.065,0.52,0.52,26.604,90.375,90.92,68.0,97.4,73.396,9.625,78.39810000000001
Amiens,49.8941708,2.2956951,2026-08-18,20.26125,16.51,24.13,20.0,0.0175,0.14,0.14,26.964000000000002,77.875,96.52,80.0,99.3,73.036,22.125,84.2621
Amiens,49.8941708,2.2956951,2026-08-19,19.80625,13.83,24.58,0.0,0.0,0.0,0.0,27.612000000000002,78.75,98.32,100.0,100.0,72.388,21.25,88.85979999999999
Amiens,49.8941708,2.2956951,2026-08-20,17.22375,10.97,23.88,0.0,0.0,0.0,0.0,31.968000000000004,24.625,95.52,100.0,100.0,68.032,75.375,92.9967
Amiens,49.8941708,2.2956951,2026-08-21,17.308333333333334,11.91,22.92,92.0,0.125,0.75,0.75,24.912,9.833333333333334,91.68,8.0,96.25,75.088,90.16666666666667,74.50446666666666
Annecy,45.8992348,6.1288847,2026-08-16,30.68,29.28,32.08,100.0,2.12,4.24,4.24,5.4,94.5,71.68,0.0,78.8,94.6,5.5,55.153999999999996
Annecy,45.8992348,6.1288847,2026-08-17,24.9625,20.36,29.39,100.0,0.81125,2.59,6.49,6.588,93.125,82.44,0.0,67.55,93.412,6.875,55.0257
Annecy,45.8992348,6.1288847,2026-08-18,23.31625,19.35,28.99,0.0,0.0,0.0,0.0,5.6160000000000005,67.5,84.04,100.0,100.0,94.384,32.5,87.9004
Annecy,45.8992348,6.1288847,2026-08-19,23.29875,17.34,30.39,0.0,0.0,0.0,0.0,8.532,41.125,78.44,100.0,100.0,91.468,58.875,88.5663
Annecy,45.8992348,6.1288847,2026-08-20,21.3625,16.01,29.4,100.0,0.23124999999999998,1.17,1.8499999999999999,9.468,60.625,82.4,0.0,90.75,90.532,39.375,64.9357
Annecy,45.8992348,6.1288847,2026-08-21,20.578333333333333,16.09,25.96,100.0,0.25,0.67,1.5,8.892000000000001,76.33333333333333,96.16,0.0,92.5,91.108,23.66666666666667,68.07546666666667
Ariege,42.9455368,1.4065544,2026-08-16,19.685,19.58,19.79,97.0,1.1099999999999999,1.4,2.2199999999999998,9.036,90.5,79.16,3.0,88.9,90.964,9.5,61.064400000000006
Ariege,42.9455368,1.4065544,2026-08-17,22.89375,17.8,28.66,99.0,0.1675,0.91,1.34,11.664000000000001,62.625,85.36,1.0,93.3,88.336,37.375,66.3691
Ariege,42.9455368,1.4065544,2026-08-18,20.145,15.21,26.35,0.0,0.0,0.0,0.0,10.224,27.25,94.6,100.0,100.0,89.776,72.75,94.6326
Ariege,42.9455368,1.4065544,2026-08-19,19.28125,14.54,25.84,100.0,0.315,1.93,2.52,10.908,12.625,96.64,0.0,87.4,89.092,87.375,72.8587
Ariege,42.9455368,1.4065544,2026-08-20,17.00875,13.47,21.1,100.0,0.12375,0.82,0.99,7.884,80.375,84.4,0.0,95.05,92.116,19.625,65.0091
Ariege,42.9455368,1.4065544,2026-08-21,15.143333333333333,12.51,17.53,41.0,0.12,0.45,0.72,9.036,98.83333333333333,70.12,59.0,96.4,90.964,1.1666666666666714,70.96906666666666
Avignon,43.9492493,4.8059012,2026-08-16,30.86,29.67,32.05,100.0,2.9,5.8,5.8,10.368,68.0,71.80000000000001,0.0,71.0,89.632,32.0,55.00320000000001
Avignon,43.9492493,4.8059012,2026-08-17,29.19,21.62,36.8,0.0,0.0,0.0,0.0,27.971999999999998,64.125,52.80000000000001,100.0,100.0,72.028,35.875,76.6303
Avignon,43.9492493,4.8059012,2026-08-18,29.544999999999998,23.33,36.04,0.0,0.0,0.0,0.0,35.928000000000004,56.125,55.84,100.0,100.0,64.072,43.875,77.5467
Avignon,43.9492493,4.8059012,2026-08-19,29.7575,23.16,38.82,40.0,0.02875,0.23,0.23,23.759999999999998,39.75,44.72,60.0,98.85,76.24000000000001,60.25,68.72
Avignon,43.9492493,4.8059012,2026-08-20,27.30125,21.97,35.87,88.0,0.28125,0.85,2.25,21.168,61.0,56.52000000000001,12.0,88.75,78.832,39.0,57.7642
Avignon,43.9492493,4.8059012,2026-08-21,25.998333333333335,21.82,32.47,95.0,0.03333333333333333,0.2,0.2,23.94,85.33333333333333,70.12,5.0,99.0,76.06,14.666666666666671,60.808666666666674
Bayeux,49.2764624,-0.7024738,2026-08-16,23.5,22.86,24.14,0.0,0.0,0.0,0.0,11.34,97.0,96.56,100.0,100.0,88.66,3.0,88.134
Bayeux,49.2764624,-0.7024738,2026-08-17,21.10625,18.26,24.75,20.0,0.01375,0.11,0.11,17.856,85.875,99.0,80.0,99.45,82.144,14.125,85.16189999999999
Bayeux,49.2764624,-0.7024738,2026-08-18,19.375,16.53,22.23,53.0,0.035,0.28,0.28,24.948,72.125,88.92,47.0,98.6,75.05199999999999,27.875,75.9487
Bayeux,49.2764624,-0.7024738,2026-08-19,18.419999999999998,12.52,23.13,28.000000000000004,0.06125,0.2,0.49,25.344,71.75,92.52,72.0,97.55,74.656,28.25,81.71159999999999
Bayeux,49.2764624,-0.7024738,2026-08-20,16.36,11.59,22.58,100.0,0.27249999999999996,1.28,2.1799999999999997,28.728,21.125,90.32,0.0,89.1,71.27199999999999,78.875,68.8407
Bayeux,49.2764624,-0.7024738,2026-08-21,15.581666666666669,11.35,19.96,88.0,0.20333333333333334,0.57,1.22,16.776,13.5,79.84,12.0,93.9,83.224,86.5,71.49440000000001
Bayonne,43.4945144,-1.4736657,2026-08-16,25.200000000000003,24.98,25.42,0.0,0.0,0.0,0.0,10.476,24.5,98.32,100.0,100.0,89.524,75.5,95.99839999999999
Bayonne,43.4945144,-1.4736657,2026-08-17,24.3625,22.73,26.92,20.0,0.01625,0.13,0.13,14.148000000000001,79.625,92.32,80.0,99.35,85.852,20.375,84.12369999999999
Bayonne,43.4945144,-1.4736657,2026-08-18,22.73625,20.06,24.09,0.0,0.0,0.0,0.0,13.895999999999999,45.625,96.36,100.0,100.0,86.104,54.375,92.9559
Bayonne,43.4945144,-1.4736657,2026-08-19,21.60625,19.49,23.82,20.0,0.0375,0.18,0.3,13.824,59.375,95.28,80.0,98.5,86.176,40.625,86.8141
Bayonne,43.4945144,-1.4736657,2026-08-20,20.43375,18.58,22.57,44.0,0.0825,0.22,0.66,16.776,92.125,90.28,56.0,96.7,83.224,7.875,76.4039
Bayonne,43.4945144,-1.4736657,2026-08-21,20.355,19.21,21.68,31.0,0.06,0.24,0.36,12.456,98.33333333333333,86.72,69.0,98.2,87.544,1.6666666666666714,78.19706666666669
Besancon,47.2380222,6.0243622,2026-08-16,29.025,27.25,30.8,96.0,0.38,0.76,0.76,7.74,73.0,76.8,4.0,96.2,92.26,27.0,64.626
Besancon,47.2380222,6.0243622,2026-08-17,22.73875,17.12,26.3,100.0,0.74375,2.22,5.95,11.556000000000001,95.875,94.8,0.0,70.25,88.444,4.125,58.7719
Besancon,47.2380222,6.0243622,2026-08-18,23.56125,18.88,30.41,0.0,0.0,0.0,0.0,10.368,69.625,78.36,100.0,100.0,89.632,30.375,85.50869999999999
Besancon,47.2380222,6.0243622,2026-08-19,20.76625,17.16,28.64,100.0,0.4125,1.8,3.3,15.947999999999999,64.0,85.44,0.0,83.5,84.052,36.0,62.687200000000004
Besancon,47.2380222,6.0243622,2026-08-20,19.315,15.55,24.66,100.0,0.03875,0.16,0.31,20.376,83.25,98.64,0.0,98.45,79.624,16.75,68.7644
Besancon,47.2380222,6.0243622,2026-08-21,18.933333333333334,12.67,26.73,0.0,0.0,0.0,0.0,14.76,20.833333333333332,93.08,100.0,100.0,85.24,79.16666666666667,94.36466666666668
Biarritz,43.4832523,-1.5592776,2026-08-16,24.97,24.64,25.3,0.0,0.0,0.0,0.0,9.756,23.0,98.8,100.0,100.0,90.244,77.0,96.3644
Biarritz,43.4832523,-1.5592776,2026-08-17,22.5625,21.3,23.63,20.0,0.01625,0.13,0.13,12.852,79.0,94.52,80.0,99.35,87.148,21.0,84.97579999999998
Biarritz,43.4832523,-1.5592776,2026-08-18,22.03625,20.89,22.99,0.0,0.0,0.0,0.0,13.14,48.5,91.96,100.0,100.0,86.86,51.5,91.424
Biarritz,43.4832523,-1.5592776,2026-08-19,21.65125,20.35,22.84,20.0,0.0475,0.23,0.38,12.564000000000002,58.875,91.36,80.0,98.1,87.43599999999999,41.125,85.69409999999999
Biarritz,43.4832523,-1.5592776,2026-08-20,20.65125,19.34,21.88,62.0,0.10250000000000001,0.4,0.8200000000000001,17.28,93.0,87.52,38.0,95.9,82.72,7.0,71.598
Biarritz,43.4832523,-1.5592776,2026-08-21,20.44666666666667,19.77,21.31,44.0,0.09999999999999999,0.33,0.6,11.952,97.16666666666667,85.24,56.0,97.0,88.048,2.8333333333333286,74.96013333333333
Bormes les Mimosas,43.1506968,6.3419285,2026-08-16,28.695,27.98,29.41,0.0,0.0,0.0,0.0,21.492,2.0,82.36,100.0,100.0,78.508,98.0,92.35879999999999
Bormes les Mimosas,43.1506968,6.3419285,2026-08-17,27.97625,20.41,33.82,0.0,0.0,0.0,0.0,37.656000000000006,32.125,64.72,100.0,100.0,62.343999999999994,67.875,82.43789999999998
Bormes les Mimosas,43.1506968,6.3419285,2026-08-18,26.18125,21.62,29.76,0.0,0.0,0.0,0.0,22.86,39.875,80.96,100.0,100.0,77.14,60.125,88.0145
Bormes les Mimosas,43.1506968,6.3419285,2026-08-19,26.99625,21.97,32.74,0.0,0.0,0.0,0.0,31.248,29.375,69.03999999999999,100.0,100.0,68.752,70.625,84.6497
Bormes les Mimosas,43.1506968,6.3419285,2026-08-20,25.97875,22.59,29.6,88.0,0.055,0.44,0.44,20.196,47.0,81.6,12.0,97.8,79.804,53.0,69.50039999999998
Bormes les Mimosas,43.1506968,6.3419285,2026-08-21,25.55666666666667,22.76,28.55,20.0,0.021666666666666667,0.13,0.13,27.324,71.83333333333333,85.8,80.0,99.35,72.676,28.16666666666667,81.62926666666665
Carcassonne,43.2130358,2.3491069,2026-08-16,30.299999999999997,29.49,31.11,100.0,1.03,1.7,2.06,13.536,80.5,75.56,0.0,89.7,86.464,19.5,60.174400000000006
Carcassonne,43.2130358,2.3491069,2026-08-17,28.73375,22.64,37.77,100.0,0.07875,0.53,0.63,25.596,54.25,48.91999999999999,0.0,96.85,74.404,45.75,55.746399999999994
Carcassonne,43.2130358,2.3491069,2026-08-18,26.716250000000002,21.16,33.38,0.0,0.0,0.0,0.0,24.516,28.375,66.47999999999999,100.0,100.0,75.48400000000001,71.625,84.65489999999998
Carcassonne,43.2130358,2.3491069,2026-08-19,24.665,19.15,32.05,100.0,0.40875,1.79,3.27,18.396,23.25,71.80000000000001,0.0,83.65,81.604,76.75,62.47040000000001
Carcassonne,43.2130358,2.3491069,2026-08-20,23.25125,18.51,29.56,100.0,0.15375,1.23,1.23,22.32,73.75,81.76,0.0,93.85,77.68,26.25,63.076
Carcassonne,43.2130358,2.3491069,2026-08-21,22.981666666666666,19.4,28.04,0.0,0.0,0.0,0.0,21.6,88.0,87.84,100.0,100.0,78.4,12.0,85.39200000000001
Cassis,43.2140359,5.5396318,2026-08-16,28.78,28.51,29.05,0.0,0.0,0.0,0.0,16.956,11.0,83.8,100.0,100.0,83.044,89.0,92.34440000000001
Cassis,43.2140359,5.5396318,2026-08-17,29.884999999999998,23.08,36.0,0.0,0.0,0.0,0.0,39.276,65.5,56.0,100.0,100.0,60.724,34.5,76.3224
Cassis,43.2140359,5.5396318,2026-08-18,29.14625,25.19,31.79,0.0,0.0,0.0,0.0,41.328,48.875,72.84,100.0,100.0,58.672,51.125,82.8317
Cassis,43.2140359,5.5396318,2026-08-19,28.06,26.62,29.38,0.0,0.0,0.0,0.0,20.88,31.625,82.48,100.0,100.0,79.12,68.375,89.49350000000001
Cassis,43.2140359,5.5396318,2026-08-20,26.0375,23.86,27.83,100.0,0.2875,1.7,2.3,14.076,54.5,88.68,0.0,88.5,85.924,45.5,66.2964
Cassis,43.2140359,5.5396318,2026-08-21,25.96666666666667,25.61,26.58,20.0,0.04,0.24,0.24,24.984,80.33333333333333,93.68,80.0,98.8,75.01599999999999,19.66666666666667,83.21226666666666
Chateau du Haut Koenigsbourg,48.249382,7.3439412,2026-08-16,23.604999999999997,23.31,23.9,100.0,0.295,0.59,0.59,8.928,81.0,95.6,0.0,97.05,91.072,19.0,68.8022
Chateau du Haut Koenigsbourg,48.249382,7.3439412,2026-08-17,20.478749999999998,16.4,25.68,100.0,0.6499999999999999,2.05,5.199999999999999,7.488,91.375,97.28,0.0,74.0,92.512,8.625,61.497699999999995
Chateau du Haut Koenigsbourg,48.249382,7.3439412,2026-08-18,20.905,16.26,26.53,0.0,0.0,0.0,0.0,15.876000000000001,83.375,93.88,100.0,100.0,84.124,16.625,88.2389
Chateau du Haut Koenigsbourg,48.249382,7.3439412,2026-08-19,16.255,13.34,22.74,100.0,0.6325,4.16,5.06,15.012,64.375,90.96,0.0,74.7,84.988,35.625,61.759299999999996
Chateau du Haut Koenigsbourg,48.249382,7.3439412,2026-08-20,16.9225,11.92,22.83,20.0,0.03,0.13,0.24,20.052000000000003,76.625,91.32,80.0,98.8,79.948,23.375,83.3683
Chateau du Haut Koenigsbourg,48.249382,7.3439412,2026-08-21,17.66,11.9,24.0,0.0,0.0,0.0,0.0,16.452,34.5,96.0,100.0,100.0,83.548,65.5,93.70479999999999
Collioure,42.52505,3.0831554,2026-08-16,26.05,25.78,26.32,95.0,0.085,0.17,0.17,14.184,74.0,94.72,5.0,99.15,85.816,26.0,70.34259999999999
Collioure,42.52505,3.0831554,2026-08-17,28.646250000000002,23.87,34.11,0.0,0.0,0.0,0.0,25.812,65.0,63.56,100.0,100.0,74.188,35.0,79.9868
Collioure,42.52505,3.0831554,2026-08-18,28.6475,23.11,34.14,0.0,0.0,0.0,0.0,26.388,24.5,63.44,100.0,100.0,73.612,75.5,83.94319999999999
Collioure,42.52505,3.0831554,2026-08-19,28.197499999999998,24.81,32.68,27.0,0.0325,0.26,0.26,14.58,2.875,69.28,73.0,98.7,85.42,97.125,83.2485
Collioure,42.52505,3.0831554,2026-08-20,26.5075,22.53,30.7,100.0,0.09375,0.75,0.75,14.976,46.5,77.2,0.0,96.25,85.024,53.5,65.8874
Collioure,42.52505,3.0831554,2026-08-21,22.959999999999997,20.53,27.1,100.0,0.8250000000000001,1.79,4.95,14.652000000000001,83.83333333333333,91.6,0.0,75.25,85.348,16.16666666666667,60.206466666666664
Colmar,48.0777517,7.3579641,2026-08-16,26.535,26.13,26.94,100.0,0.48,0.96,0.96,8.46,83.0,92.24,0.0,95.2,91.53999999999999,17.0,67.086
Colmar,48.0777517,7.3579641,2026-08-17,22.85,17.54,28.57,100.0,1.0162499999999999,2.59,8.129999999999999,6.588,94.375,85.72,0.0,59.35000000000001,93.412,5.625,53.4247
Colmar,48.0777517,7.3579641,2026-08-18,23.61875,18.81,29.41,0.0,0.0,0.0,0.0,15.336,78.625,82.36,100.0,100.0,84.664,21.375,85.3119
Colmar,48.0777517,7.3579641,2026-08-19,19.86,16.11,27.08,100.0,0.55875,3.11,4.47,14.364,60.0,91.68,0.0,77.65,85.636,40.0,63.36260000000001
Colmar,48.0777517,7.3579641,2026-08-20,19.478749999999998,15.04,25.77,20.0,0.02625,0.21,0.21,14.796000000000001,79.375,96.92,80.0,98.95,85.204,20.625,85.34389999999999
Colmar,48.0777517,7.3579641,2026-08-21,20.585,14.56,26.85,0.0,0.0,0.0,0.0,16.128000000000004,26.666666666666668,92.6,100.0,100.0,83.872,73.33333333333333,93.50053333333334
Dijon,47.3215806,5.0414701,2026-08-16,29.205,27.61,30.8,42.0,0.32,0.38,0.64,14.112,70.0,76.8,58.0,96.8,85.888,30.0,75.2688
Dijon,47.3215806,5.0414701,2026-08-17,23.7675,19.26,28.7,100.0,0.4875,1.66,3.9,19.872,94.75,85.2,0.0,80.5,80.128,5.25,58.24779999999999
Dijon,47.3215806,5.0414701,2026-08-18,24.345,18.56,31.01,0.0,0.0,0.0,0.0,17.352,66.25,75.96,100.0,100.0,82.648,33.75,84.42779999999999
Dijon,47.3215806,5.0414701,2026-08-19,20.05375,16.21,25.57,98.0,0.2125,0.75,1.7,24.552000000000003,58.25,97.72,2.0,91.5,75.448,41.75,68.88579999999999
Dijon,47.3215806,5.0414701,2026-08-20,20.15125,16.12,25.9,40.0,0.0,0.0,0.0,20.952,90.25,96.4,60.0,100.0,79.048,9.75,79.79979999999999
Dijon,47.3215806,5.0414701,2026-08-21,19.69666666666667,13.24,26.64,0.0,0.0,0.0,0.0,16.776,20.833333333333332,93.44,100.0,100.0,83.224,79.16666666666667,94.27106666666667
Eguisheim,48.0447968,7.3079618,2026-08-16,28.94,28.03,29.85,100.0,0.48,0.96,0.96,7.956,81.5,80.6,0.0,95.2,92.044,18.5,63.794399999999996
Eguisheim,48.0447968,7.3079618,2026-08-17,22.91,18.5,28.31,100.0,1.07125,2.23,8.57,6.264,95.5,86.76,0.0,57.15,93.736,4.5,52.99660000000001
Eguisheim,48.0447968,7.3079618,2026-08-18,23.35125,18.48,29.02,0.0,0.0,0.0,0.0,14.868,76.25,83.92,100.0,100.0,85.132,23.75,86.0642
Eguisheim,48.0447968,7.3079618,2026-08-19,19.892500000000002,15.81,26.84,100.0,0.50625,2.61,4.05,13.536,61.25,92.64,0.0,79.75,86.464,38.75,64.2384
Eguisheim,48.0447968,7.3079618,2026-08-20,19.14375,14.98,25.45,20.0,0.03,0.24,0.24,13.464,79.0,98.2,80.0,98.8,86.536,21.0,85.85359999999999
Eguisheim,48.0447968,7.3079618,2026-08-21,20.361666666666668,14.51,26.44,0.0,0.0,0.0,0.0,15.696000000000002,24.5,94.24,100.0,100.0,84.304,75.5,94.2524
Gorges du Verdon,43.7496562,6.3285616,2026-08-16,24.58,23.63,25.53,100.0,2.21,2.4,4.42,10.26,47.5,97.88,0.0,77.9,89.74,52.5,66.958
Gorges du Verdon,43.7496562,6.3285616,2026-08-17,23.5575,15.85,29.5,80.0,0.0,0.0,0.0,27.576,56.0,82.0,20.0,100.0,72.424,44.0,70.2424
Gorges du Verdon,43.7496562,6.3285616,2026-08-18,22.645,16.76,29.16,0.0,0.0,0.0,0.0,13.212,49.75,83.36,100.0,100.0,86.788,50.25,88.7118
Gorges du Verdon,43.7496562,6.3285616,2026-08-19,23.544999999999998,17.82,30.79,0.0,0.0,0.0,0.0,21.816,33.75,76.84,100.0,100.0,78.184,66.25,87.49539999999999
Gorges du Verdon,43.7496562,6.3285616,2026-08-20,23.06375,17.65,30.35,46.0,0.1275,0.7,1.02,14.76,53.125,78.6,54.0,94.9,85.24,46.875,76.0615
Gorges du Verdon,43.7496562,6.3285616,2026-08-21,21.95,17.86,26.21,0.0,0.0,0.0,0.0,19.836,81.33333333333333,95.16,100.0,100.0,80.164,18.66666666666667,88.43106666666668
Grenoble,45.1875602,5.7357819,2026-08-16,29.189999999999998,28.41,29.97,100.0,1.3250000000000002,2.18,2.6500000000000004,6.3,94.5,80.12,0.0,86.75,93.7,5.5,59.980999999999995
Grenoble,45.1875602,5.7357819,2026-08-17,28.15625,23.11,33.87,100.0,0.26125,0.92,2.09,11.124,74.0,64.52000000000001,0.0,89.55,88.876,26.0,57.708600000000004
Grenoble,45.1875602,5.7357819,2026-08-18,25.76875,21.1,30.46,0.0,0.0,0.0,0.0,10.584,66.625,78.16,100.0,100.0,89.416,33.375,85.7271
Grenoble,45.1875602,5.7357819,2026-08-19,25.80125,18.81,33.68,0.0,0.0,0.0,0.0,7.344,31.0,65.28,100.0,100.0,92.656,69.0,85.74960000000002
Grenoble,45.1875602,5.7357819,2026-08-20,24.14125,18.5,33.12,100.0,0.4575,1.89,3.66,9.432,64.5,67.52000000000001,0.0,81.7,90.568,35.5,57.372800000000005
Grenoble,45.1875602,5.7357819,2026-08-21,22.49666666666667,17.66,27.96,100.0,0.3166666666666667,1.58,1.9000000000000001,9.036,91.16666666666667,88.16,0.0,90.5,90.964,8.833333333333329,63.577733333333335
La Rochelle,46.159732,-1.1515951,2026-08-16,25.825000000000003,25.42,26.23,0.0,0.0,0.0,0.0,22.356,34.0,95.08,100.0,100.0,77.644,66.0,92.88839999999999
La Rochelle,46.159732,-1.1515951,2026-08-17,22.79,20.2,26.11,0.0,0.0,0.0,0.0,30.024,72.875,95.56,100.0,100.0,69.976,27.125,88.37810000000002
La Rochelle,46.159732,-1.1515951,2026-08-18,20.19,19.06,21.28,0.0,0.0,0.0,0.0,27.900000000000002,37.875,85.12,100.0,100.0,72.1,62.125,88.9585
La Rochelle,46.159732,-1.1515951,2026-08-19,19.975,18.97,21.51,24.0,0.03125,0.25,0.25,19.98,62.875,86.04,76.0,98.75,80.02,37.125,82.3515
La Rochelle,46.159732,-1.1515951,2026-08-20,18.9625,17.07,20.48,0.0,0.0,0.0,0.0,24.552000000000003,64.625,81.92,100.0,100.0,75.448,35.375,85.65829999999998
La Rochelle,46.159732,-1.1515951,2026-08-21,18.111666666666668,15.7,19.76,0.0,0.0,0.0,0.0,27.503999999999998,18.666666666666668,79.04,100.0,100.0,72.49600000000001,81.33333333333333,89.09493333333333
Le Havre,49.4938975,0.1079732,2026-08-16,25.485,24.46,26.51,0.0,0.0,0.0,0.0,20.052000000000003,83.0,93.96,100.0,100.0,79.948,17.0,87.8828
Le Havre,49.4938975,0.1079732,2026-08-17,20.38625,19.57,22.23,0.0,0.0,0.0,0.0,20.232,83.625,88.92,100.0,100.0,79.768,16.375,86.2903
Le Havre,49.4938975,0.1079732,2026-08-18,19.8875,18.76,20.92,100.0,0.1175,0.52,0.94,26.424,76.5,83.68,0.0,95.3,73.576,23.5,63.4016
Le Havre,49.4938975,0.1079732,2026-08-19,19.22375,18.29,20.09,20.0,0.07125000000000001,0.21,0.5700000000000001,29.088,59.25,80.36,80.0,97.15,70.912,40.75,80.4192
Le Havre,49.4938975,0.1079732,2026-08-20,18.396250000000002,16.42,19.96,100.0,0.21375,1.14,1.71,36.72,17.875,79.84,0.0,91.45,63.28,82.125,65.92750000000001
Le Havre,49.4938975,0.1079732,2026-08-21,17.30666666666667,16.62,18.06,100.0,0.6783333333333333,1.87,4.07,30.204000000000004,18.333333333333332,72.24,0.0,79.65,69.79599999999999,81.66666666666667,60.713266666666655
Lille,50.6365654,3.0635282,2026-08-16,25.130000000000003,24.17,26.09,0.0,0.0,0.0,0.0,15.012,84.0,95.64,100.0,100.0,84.988,16.0,88.7908
Lille,50.6365654,3.0635282,2026-08-17,21.0425,17.56,26.41,100.0,0.4525,2.9,3.62,18.756,97.375,94.36,0.0,81.9,81.244,2.625,61.264900000000004
Lille,50.6365654,3.0635282,2026-08-18,19.4075,17.51,21.69,100.0,0.34125,1.48,2.73,20.016,83.0,86.76,0.0,86.35,79.98400000000001,17.0,61.631400000000006
Lille,50.6365654,3.0635282,2026-08-19,19.87625,16.39,23.51,62.0,0.0175,0.14,0.14,27.756,64.75,94.04,38.0,99.3,72.244,35.25,76.35140000000001
Lille,50.6365654,3.0635282,2026-08-20,17.7525,13.92,22.64,100.0,0.30500000000000005,1.12,2.4400000000000004,28.44,35.625,90.56,0.0,87.8,71.56,64.375,67.10149999999999
Lille,50.6365654,3.0635282,2026-08-21,16.834999999999997,13.82,20.47,100.0,0.51,2.16,3.06,18.036,25.166666666666668,81.88,0.0,84.7,81.964,74.83333333333333,65.65373333333334
Lyon,45.7578137,4.8320114,2026-08-16,30.89,29.65,32.13,94.0,0.275,0.55,0.55,22.176000000000002,95.0,71.47999999999999,6.0,97.25,77.824,5.0,60.10139999999999
Lyon,45.7578137,4.8320114,2026-08-17,27.30125,22.06,33.24,39.0,0.0,0.0,0.0,17.964000000000002,96.0,67.03999999999999,61.0,100.0,82.036,4.0,70.9156
Lyon,45.7578137,4.8320114,2026-08-18,26.86875,21.36,31.9,0.0,0.0,0.0,0.0,15.3,73.625,72.4,100.0,100.0,84.7,26.375,82.8275
Lyon,45.7578137,4.8320114,2026-08-19,26.83625,20.6,34.48,0.0,0.0,0.0,0.0,21.204,43.0,62.08000000000001,100.0,100.0,78.79599999999999,57.0,82.2036
Lyon,45.7578137,4.8320114,2026-08-20,23.302500000000002,19.11,32.02,100.0,0.42125,2.32,3.37,12.852,66.25,71.91999999999999,0.0,83.15,87.148,33.75,58.6108
Lyon,45.7578137,4.8320114,2026-08-21,22.305000000000003,17.36,29.89,24.0,0.0,0.0,0.0,9.576,45.333333333333336,80.44,76.0,100.0,90.424,54.666666666666664,83.84106666666666
Marseille,43.2963986,5.3777888,2026-08-16,32.45,31.3,33.6,0.0,0.0,0.0,0.0,19.692,16.0,65.6,100.0,100.0,80.30799999999999,84.0,86.1108
Marseille,43.2963986,5.3777888,2026-08-17,29.9225,22.82,37.11,0.0,0.0,0.0,0.0,34.524,68.0,51.56,100.0,100.0,65.476,32.0,75.21560000000001
Marseille,43.2963986,5.3777888,2026-08-18,29.37625,24.57,32.88,0.0,0.0,0.0,0.0,38.556000000000004,56.625,68.47999999999999,100.0,100.0,61.443999999999996,43.375,81.02590000000001
Marseille,43.2963986,5.3777888,2026-08-19,29.0625,27.57,30.06,0.0,0.0,0.0,0.0,21.636,30.875,79.76,100.0,100.0,78.364,69.125,88.67689999999999
Marseille,43.2963986,5.3777888,2026-08-20,27.1975,25.34,28.8,100.0,0.32249999999999995,2.3,2.5799999999999996,15.3,47.5,84.8,0.0,87.1,84.7,52.5,65.28999999999999
Marseille,43.2963986,5.3777888,2026-08-21,26.97,26.06,27.6,20.0,0.034999999999999996,0.21,0.21,24.156,79.16666666666667,89.6,80.0,98.95,75.844,20.83333333333333,82.23273333333333
Mont Saint Michel,48.6359541,-1.51146,2026-08-16,20.895,20.45,21.34,0.0,0.0,0.0,0.0,21.276,90.0,85.36,100.0,100.0,78.724,10.0,84.4804
Mont Saint Michel,48.6359541,-1.51146,2026-08-17,20.08625,17.08,23.6,0.0,0.0,0.0,0.0,23.688000000000002,82.5,94.4,100.0,100.0,76.312,17.5,87.7012
Mont Saint Michel,48.6359541,-1.51146,2026-08-18,19.56375,16.96,22.34,0.0,0.0,0.0,0.0,21.168,77.75,89.36,100.0,100.0,78.832,22.25,86.91619999999999
Mont Saint Michel,48.6359541,-1.51146,2026-08-19,18.745,15.75,21.02,25.0,0.0325,0.14,0.26,24.732,73.5,84.08,75.0,98.7,75.268,26.5,80.0108
Mont Saint Michel,48.6359541,-1.51146,2026-08-20,17.10625,13.67,21.17,60.0,0.08249999999999999,0.36,0.6599999999999999,24.552000000000003,45.5,84.68,40.0,96.7,75.448,54.5,75.4088
Mont Saint Michel,48.6359541,-1.51146,2026-08-21,16.685,13.61,20.11,20.0,0.045000000000000005,0.15,0.27,18.971999999999998,30.0,80.44,80.0,98.65,81.028,70.0,84.8298
Montauban,44.0175835,1.3549991,2026-08-16,30.7,29.75,31.65,100.0,1.195,2.39,2.39,11.916,51.0,73.4,0.0,88.05,88.084,49.0,62.1434
Montauban,44.0175835,1.3549991,2026-08-17,27.0225,21.23,32.8,100.0,0.0825,0.66,0.66,18.0,63.625,68.80000000000001,0.0,96.7,82.0,36.375,61.48750000000001
Montauban,44.0175835,1.3549991,2026-08-18,25.2525,18.91,32.19,0.0,0.0,0.0,0.0,15.984000000000002,24.625,71.24000000000001,100.0,100.0,84.01599999999999,75.375,87.3111
Montauban,44.0175835,1.3549991,2026-08-19,23.725,17.71,31.61,25.0,0.07,0.56,0.56,13.536,19.125,73.56,75.0,97.2,86.464,80.875,82.9619
Montauban,44.0175835,1.3549991,2026-08-20,22.46375,18.66,27.15,98.0,0.14875,0.86,1.19,16.812,90.0,91.4,2.0,94.05,83.188,10.0,65.35379999999999
Montauban,44.0175835,1.3549991,2026-08-21,21.365,18.59,26.24,0.0,0.0,0.0,0.0,14.472,90.33333333333333,95.04,100.0,100.0,85.528,9.666666666666671,88.03146666666667
Nimes,43.8374249,4.3600687,2026-08-16,31.759999999999998,30.3,33.22,100.0,2.2,3.41,4.4,9.756,81.0,67.12,0.0,78.0,90.244,19.0,54.4604
Nimes,43.8374249,4.3600687,2026-08-17,29.305,21.99,36.52,73.0,0.0,0.0,0.0,32.904,68.5,53.91999999999999,27.0,100.0,67.096,31.5,61.435599999999994
Nimes,43.8374249,4.3600687,2026-08-18,30.55625,23.56,37.97,0.0,0.0,0.0,0.0,25.236,51.25,48.120000000000005,100.0,100.0,74.764,48.75,76.7874
Nimes,43.8374249,4.3600687,2026-08-19,30.1625,23.55,39.2,100.0,0.12,0.96,0.96,22.715999999999998,35.625,43.19999999999999,0.0,95.2,77.284,64.375,55.6859
Nimes,43.8374249,4.3600687,2026-08-20,26.70375,21.76,34.07,99.0,0.4325,0.95,3.46,15.659999999999998,61.0,63.72,1.0,82.7,84.34,39.0,56.46
Nimes,43.8374249,4.3600687,2026-08-21,26.27,22.13,32.01,13.0,0.0,0.0,0.0,16.704,85.33333333333333,71.96000000000001,87.0,100.0,83.29599999999999,14.666666666666671,78.78426666666667
Paris,48.8534951,2.3483915,2026-08-16,28.990000000000002,27.85,30.13,0.0,0.0,0.0,0.0,14.472,83.0,79.48,100.0,100.0,85.528,17.0,84.0968
Paris,48.8534951,2.3483915,2026-08-17,23.4075,21.64,26.46,0.0,0.0,0.0,0.0,17.388,94.75,94.16,100.0,100.0,82.612,5.25,87.0342
Paris,48.8534951,2.3483915,2026-08-18,24.255,20.74,28.95,20.0,0.01625,0.13,0.13,18.791999999999998,73.5,84.2,80.0,99.35,81.208,26.5,81.8358
Paris,48.8534951,2.3483915,2026-08-19,22.835,18.83,26.31,95.0,0.15625,0.52,1.25,15.012,90.0,94.76,5.0,93.75,84.988,10.0,67.0518
Paris,48.8534951,2.3483915,2026-08-20,20.88125,16.67,24.49,0.0,0.0,0.0,0.0,19.476000000000003,62.25,97.96,100.0,100.0,80.524,37.75,91.21540000000002
Paris,48.8534951,2.3483915,2026-08-21,19.665,16.22,23.57,0.0,0.0,0.0,0.0,15.552000000000001,19.166666666666668,94.28,100.0,100.0,84.448,80.83333333333333,94.81213333333332
Rouen,49.4404591,1.0939658,2026-08-16,27.575,26.86,28.29,0.0,0.0,0.0,0.0,18.144000000000002,89.0,86.84,100.0,100.0,81.856,11.0,85.33759999999998
Rouen,49.4404591,1.0939658,2026-08-17,21.615,18.56,24.08,20.0,0.01625,0.13,0.13,22.176000000000002,86.75,96.32,80.0,99.35,77.824,13.25,83.80839999999999
Rouen,49.4404591,1.0939658,2026-08-18,20.6125,16.49,24.88,0.0,0.0,0.0,0.0,28.944,73.25,99.52,100.0,100.0,71.056,26.75,89.63659999999999
Rouen,49.4404591,1.0939658,2026-08-19,19.419999999999998,14.01,22.32,0.0,0.0,0.0,0.0,23.436,77.375,89.28,100.0,100.0,76.564,22.625,86.7029
Rouen,49.4404591,1.0939658,2026-08-20,17.07875,11.43,23.5,37.0,0.05625,0.45,0.45,28.512,18.5,94.0,63.0,97.75,71.488,81.5,85.4238
Rouen,49.4404591,1.0939658,2026-08-21,17.041666666666668,12.23,22.05,100.0,0.17500000000000002,0.6,1.05,17.064,26.333333333333332,88.2,0.0,94.75,82.936,73.66666666666667,70.54526666666666
Saintes Maries de la mer,43.4515922,4.4277202,2026-08-16,25.83,25.46,26.2,100.0,0.585,1.04,1.17,13.932,44.5,95.2,0.0,94.15,86.068,55.5,70.9618
Saintes Maries de la mer,43.4515922,4.4277202,2026-08-17,27.6575,24.06,32.15,74.0,0.0,0.0,0.0,27.900000000000002,60.625,71.4,26.0,100.0,72.1,39.375,67.76750000000001
Saintes Maries de la mer,43.4515922,4.4277202,2026-08-18,28.73625,25.31,31.68,0.0,0.0,0.0,0.0,24.840000000000003,50.25,73.28,100.0,100.0,75.16,49.75,84.475
Saintes Maries de la mer,43.4515922,4.4277202,2026-08-19,27.3125,25.85,29.11,25.0,0.01875,0.15,0.15,40.284,35.375,83.56,75.0,99.25,59.716,64.625,82.27709999999999
Saintes Maries de la mer,43.4515922,4.4277202,2026-08-20,25.30375,22.2,26.97,98.0,0.20625,0.55,1.65,31.212,59.5,92.12,2.0,91.75,68.788,40.5,66.48979999999999
Saintes Maries de la mer,43.4515922,4.4277202,2026-08-21,25.046666666666667,23.07,27.25,20.0,0.03,0.18,0.18,30.743999999999996,80.5,91.0,80.0,99.1,69.256,19.5,81.9056
St Malo,48.649518,-2.0260409,2026-08-16,21.72,21.15,22.29,0.0,0.0,0.0,0.0,24.804,87.0,89.16,100.0,100.0,75.196,13.0,85.56759999999998
St Malo,48.649518,-2.0260409,2026-08-17,20.04625,17.53,23.14,0.0,0.0,0.0,0.0,22.896,79.25,92.56,100.0,100.0,77.104,20.75,87.5534
St Malo,48.649518,-2.0260409,2026-08-18,19.31375,17.3,21.74,0.0,0.0,0.0,0.0,24.516,73.0,86.96,100.0,100.0,75.48400000000001,27.0,86.3364
St Malo,48.649518,-2.0260409,2026-08-19,18.56125,16.81,20.19,20.0,0.0325,0.15,0.26,30.924,64.0,80.76,80.0,98.7,69.076,36.0,80.34559999999999
St Malo,48.649518,-2.0260409,2026-08-20,17.595,14.62,20.32,20.0,0.0325,0.26,0.26,35.064,29.375,81.28,80.0,98.7,64.936,70.625,83.5501
St Malo,48.649518,-2.0260409,2026-08-21,16.923333333333332,14.86,18.85,47.0,0.16333333333333333,0.36,0.98,21.132,40.0,75.4,53.0,95.1,78.868,60.0,75.6368
Strasbourg,48.584614,7.7507127,2026-08-16,28.37,27.71,29.03,100.0,0.78,1.56,1.56,12.996,76.5,83.88,0.0,92.2,87.004,23.5,63.8744
Strasbourg,48.584614,7.7507127,2026-08-17,23.36875,19.88,27.75,100.0,0.995,4.71,7.96,11.16,88.25,89.0,0.0,60.2,88.84,11.75,54.818999999999996
Strasbourg,48.584614,7.7507127,2026-08-18,23.4875,19.16,28.31,32.0,0.05375,0.43,0.43,18.324,87.375,86.76,68.0,97.85,81.676,12.625,78.4131
Strasbourg,48.584614,7.7507127,2026-08-19,18.71,16.38,21.89,100.0,0.58,2.88,4.64,17.136,87.625,87.56,0.0,76.8,82.864,12.375,58.8319
Strasbourg,48.584614,7.7507127,2026-08-20,20.5675,15.29,27.15,23.0,0.02,0.16,0.16,23.832,63.0,91.4,77.0,99.2,76.168,37.0,83.8968
Strasbourg,48.584614,7.7507127,2026-08-21,20.31,13.99,27.31,0.0,0.0,0.0,0.0,20.124,27.166666666666668,90.76,100.0,100.0,79.876,72.83333333333333,92.49893333333334
Toulouse,43.6044638,1.4442433,2026-08-16,29.479999999999997,28.97,29.99,100.0,1.17,2.34,2.34,9.288,65.5,80.04,0.0,88.3,90.712,34.5,63.0232
Toulouse,43.6044638,1.4442433,2026-08-17,27.53125,21.19,34.03,100.0,0.075,0.6,0.6,17.856,62.375,63.879999999999995,0.0,97.0,82.144,37.625,60.240899999999996
Toulouse,43.6044638,1.4442433,2026-08-18,25.575,18.88,32.17,0.0,0.0,0.0,0.0,18.215999999999998,28.125,71.32,100.0,100.0,81.784,71.875,86.7619
Toulouse,43.6044638,1.4442433,2026-08-19,24.405,18.65,31.8,61.0,0.12125,0.58,0.97,16.704,11.0,72.8,39.0,95.15,83.29599999999999,89.0,75.41460000000001
Toulouse,43.6044638,1.4442433,2026-08-20,22.13,19.08,25.97,60.0,0.18375,0.6,1.47,19.08,93.125,96.12,40.0,92.65,80.92,6.875,73.4105
Toulouse,43.6044638,1.4442433,2026-08-21,21.228333333333335,18.94,24.78,21.0,0.02,0.12,0.12,15.444,95.66666666666667,99.12,79.0,99.4,84.556,4.333333333333329,84.24493333333334
Uzes,44.0121279,4.4196718,2026-08-16,31.235,29.76,32.71,100.0,1.955,3.44,3.91,11.879999999999999,98.5,69.16,0.0,80.45,88.12,1.5,53.84499999999999
Uzes,44.0121279,4.4196718,2026-08-17,28.5225,21.16,35.48,22.0,0.0,0.0,0.0,30.708,63.875,58.08000000000001,78.0,100.0,69.292,36.125,73.56569999999999
Uzes,44.0121279,4.4196718,2026-08-18,29.111250000000002,22.58,36.45,0.0,0.0,0.0,0.0,25.128000000000004,42.625,54.19999999999999,100.0,100.0,74.872,57.375,79.48469999999999
Uzes,44.0121279,4.4196718,2026-08-19,29.137500000000003,22.46,38.17,66.0,0.06625,0.53,0.53,18.936,38.5,47.31999999999999,34.0,97.35,81.064,61.5,64.45739999999999
Uzes,44.0121279,4.4196718,2026-08-20,26.33375,20.22,35.06,98.0,0.2225,0.72,1.78,18.108,52.625,59.75999999999999,2.0,91.1,81.892,47.375,58.58469999999999
Uzes,44.0121279,4.4196718,2026-08-21,25.288333333333338,19.9,32.5,71.0,0.0,0.0,0.0,18.144000000000002,83.5,70.0,29.0,100.0,81.856,16.5,66.6356
