date,temp_mean,temp_min,temp_max,prob_rain_max,volume_rain_mean,volume_rain_max,volume_rain_sum,wind_speed_max,perc_cloud_mean,score_temp,score_rain_prob,score_rain_vol,score_wind,score_cloud,total_score,city_id,id
12/02/2026,12.815,11.29,13.9,20.0,0.095,0.38,0.38,46.692,68.75,55.6,80.0,98.1,0.0,31.25,65.235,d50b428a-3cca-4a9a-ad09-0b32fa7a092d,9ec62bd9-a6c4-48fe-8699-5c7bebe5441c
13/02/2026,9.18625,8.29,10.39,100.0,1.7625,7.69,14.1,31.572,86.75,41.56,0.0,29.5,0.0,13.25,22.642999999999997,d50b428a-3cca-4a9a-ad09-0b32fa7a092d,a664d8f5-bc0f-4030-b2b7-96c197594ca7
14/02/2026,9.36375,6.88,13.12,100.0,0.495,2.26,3.96,39.708,81.75,52.48,0.0,80.2,0.0,18.25,41.629,d50b428a-3cca-4a9a-ad09-0b32fa7a092d,d4656e34-a05d-418a-8881-80e8337ea528
15/02/2026,7.75625,4.2,10.96,20.0,0.0275,0.12,0.22,46.62,48.625,43.84,80.0,98.9,0.0,51.375,63.959500000000006,d50b428a-3cca-4a9a-ad09-0b32fa7a092d,f9cde985-c6c5-4d14-a1ed-9a4df8bba8b5
16/02/2026,13.1,10.66,15.71,20.0,0.02625,0.21,0.21,42.336,87.75,62.84,80.0,98.95,0.0,12.25,65.762,d50b428a-3cca-4a9a-ad09-0b32fa7a092d,ef1269eb-2b3b-47ae-ae19-5c29dd163ae9
17/02/2026,9.7425,9.01,10.68,0.0,0.0,0.0,0.0,27.936,73.25,42.72,100.0,100.0,0.0,26.75,65.491,d50b428a-3cca-4a9a-ad09-0b32fa7a092d,0036f24a-096d-47d4-9cee-dfb8ba478c51
12/02/2026,11.36,8.33,13.45,100.0,0.455,1.24,1.82,40.464,80.25,53.8,0.0,90.9,0.0,19.75,45.385,dd3d19df-fc40-4fea-a8bf-7259a39cceac,a6484e18-c84d-47f9-aae1-18c021adde59
13/02/2026,8.2225,6.49,10.04,100.0,0.76125,3.85,6.09,26.604,72.125,40.16,0.0,69.55,4.2256,27.875,36.123059999999995,dd3d19df-fc40-4fea-a8bf-7259a39cceac,f1c781cf-16d4-411c-bfd1-f039fa299e8f
14/02/2026,7.7775,5.02,10.93,100.0,0.20500000000000002,1.37,1.6400000000000001,34.128,90.625,43.72,0.0,91.8,0.0,9.375,41.5935,dd3d19df-fc40-4fea-a8bf-7259a39cceac,db1e48b4-baf9-4326-b347-fa7e108735e3
15/02/2026,4.72,1.53,7.03,0.0,0.0,0.0,0.0,31.068000000000005,48.375,28.120000000000005,100.0,100.0,0.0,51.625,63.5985,dd3d19df-fc40-4fea-a8bf-7259a39cceac,4ace96bb-e97f-4cf9-b9ab-f69283a7d928
16/02/2026,9.0525,6.02,12.32,100.0,0.16999999999999998,1.23,1.3599999999999999,26.172,77.75,49.28,0.0,93.2,5.780799999999999,22.25,45.54708,dd3d19df-fc40-4fea-a8bf-7259a39cceac,5ad30ab9-f2b5-4ccc-af13-be9c869a87b3
17/02/2026,7.78,7.05,8.75,0.0,0.0,0.0,0.0,30.240000000000002,9.25,35.0,100.0,100.0,0.0,90.75,69.575,dd3d19df-fc40-4fea-a8bf-7259a39cceac,9b829b20-85e2-4c7d-acb6-8193d37de4fa
12/02/2026,9.47,7.89,10.66,100.0,0.5725,1.67,2.29,35.892,82.75,42.64,0.0,88.55,0.0,17.25,41.082,76b655cf-4a49-46f8-b27c-ecc0afd2b70c,d5161c5a-586d-424e-b519-91abab1e8048
13/02/2026,7.5525,5.45,9.37,100.0,0.16625,0.51,1.33,23.436,96.0,37.48,0.0,93.35,15.630399999999995,4.0,41.212039999999995,76b655cf-4a49-46f8-b27c-ecc0afd2b70c,ed249f9e-c3fd-417f-9ea3-482d40ef8b8e
14/02/2026,3.11375,1.77,6.16,0.0,0.0,0.0,0.0,28.368,67.125,24.64,100.0,100.0,0.0,32.875,60.6795,76b655cf-4a49-46f8-b27c-ecc0afd2b70c,51385a5a-fc61-4150-b357-1651f5e58fbf
15/02/2026,1.83,1.03,3.2,100.0,0.16625,1.12,1.33,28.548,94.25,12.799999999999997,0.0,93.35,0.0,5.75,32.42,76b655cf-4a49-46f8-b27c-ecc0afd2b70c,6f337cfc-7a78-49fc-bdd5-8fc292774c98
16/02/2026,6.69125,4.73,8.99,100.0,1.48,5.22,11.84,39.276,60.0,35.96000000000001,0.0,40.8,0.0,40.0,27.028,76b655cf-4a49-46f8-b27c-ecc0afd2b70c,b6a2ec97-5c14-4c94-a1bc-fdbed845c474
17/02/2026,5.75,4.76,6.53,20.0,0.0475,0.19,0.19,26.784000000000002,59.25,26.120000000000005,80.0,99.05,3.5775999999999897,40.75,57.983760000000004,76b655cf-4a49-46f8-b27c-ecc0afd2b70c,ecc905bb-7f45-484d-a220-9b7967ebb4c3
12/02/2026,6.4625,4.68,8.08,100.0,7.6225,15.97,30.49,11.124,87.5,32.31999999999999,0.0,0.0,59.953599999999994,12.5,16.941359999999996,545bb847-50ff-4a50-84c1-a5bbd2517d92,92d8c55a-c364-486f-b7cf-06d04689e80d
13/02/2026,5.015,3.48,7.69,100.0,0.34625,2.39,2.77,7.776000000000001,99.875,30.760000000000005,0.0,86.15,72.0064,0.125,42.28614000000001,545bb847-50ff-4a50-84c1-a5bbd2517d92,0646282b-4fea-46fa-bb1e-2737a6bd29ad
14/02/2026,4.30125,2.06,6.38,92.0,0.045,0.25,0.36,13.068,99.0,25.519999999999996,8.0,98.2,52.9552,1.0,44.111520000000006,545bb847-50ff-4a50-84c1-a5bbd2517d92,01b3f3e7-adf4-408d-8f6a-a939e8957e45
15/02/2026,1.79375,0.56,3.76,77.0,0.1075,0.6,0.86,7.128,95.25,15.039999999999992,23.0,95.7,74.3392,4.75,45.730920000000005,545bb847-50ff-4a50-84c1-a5bbd2517d92,e4fc018d-d657-4fcb-bc54-63d982b921bf
16/02/2026,4.30625,2.22,6.54,100.0,3.9,9.19,31.2,9.0,99.875,26.159999999999997,0.0,0.0,67.6,0.125,14.620499999999998,545bb847-50ff-4a50-84c1-a5bbd2517d92,4fa94938-00ce-4af2-b67e-e5b77ae56d43
17/02/2026,3.0300000000000002,1.41,4.0,100.0,0.5525,1.37,2.21,5.832000000000001,99.75,16.0,0.0,88.95,79.00479999999999,0.25,39.41048,545bb847-50ff-4a50-84c1-a5bbd2517d92,7794137e-46ba-4aa7-9b93-5948629e6560
12/02/2026,4.1274999999999995,2.81,5.22,100.0,0.7625000000000001,1.3,3.0500000000000003,21.492,98.0,20.879999999999995,0.0,84.75,22.6288,2.0,34.151880000000006,41e61cce-c622-4bd4-8798-6dc052f835b8,5ce929c2-0f31-4482-af77-4fb08b62d75e
13/02/2026,3.45375,1.94,6.35,100.0,1.0037500000000001,4.61,8.030000000000001,9.072000000000001,97.0,25.400000000000006,0.0,59.849999999999994,67.3408,3.0,32.60908,41e61cce-c622-4bd4-8798-6dc052f835b8,96f01380-82ae-48f1-938d-d255a36c9912
14/02/2026,-0.10999999999999999,-2.28,1.4,100.0,4.605,12.72,36.84,16.452,100.0,5.599999999999994,0.0,0.0,40.77279999999999,0.0,5.757279999999997,41e61cce-c622-4bd4-8798-6dc052f835b8,9aae81b1-85ff-4f36-95b1-bfc1319b5828
15/02/2026,-0.96875,-7.29,2.73,100.0,1.4537499999999999,5.12,11.629999999999999,10.656,92.625,10.920000000000002,0.0,41.85000000000001,61.6384,7.375,22.732340000000004,41e61cce-c622-4bd4-8798-6dc052f835b8,6cf1af91-ec54-46cd-8861-554012ad4972
16/02/2026,4.14875,3.02,4.86,100.0,2.50375,6.53,20.03,11.556000000000001,100.0,19.439999999999998,0.0,0.0,58.398399999999995,0.0,11.67184,41e61cce-c622-4bd4-8798-6dc052f835b8,633a68d4-ed42-4fc3-9c52-d53e4a2bfd99
17/02/2026,3.42,2.51,4.44,100.0,0.6225,2.1,2.49,8.316,100.0,17.760000000000005,0.0,87.55,70.0624,0.0,38.599239999999995,41e61cce-c622-4bd4-8798-6dc052f835b8,0d749f13-50b9-4fb7-ae54-32e7d3afa5ec
12/02/2026,12.2675,8.12,15.09,36.0,0.22,0.45,0.88,25.668,86.75,60.36,64.0,95.6,7.5952000000000055,13.25,61.67252,cf631d54-f726-41fb-9109-e64019392a0b,54dee99b-917a-4f3a-849c-91096beae428
13/02/2026,7.63,6.21,9.59,100.0,1.1237499999999998,4.64,8.989999999999998,16.128000000000004,88.375,38.36,0.0,55.05000000000001,41.939199999999985,11.625,33.37942,cf631d54-f726-41fb-9109-e64019392a0b,16420503-b2b0-414a-9533-0c8f2608ae29
14/02/2026,7.5337499999999995,4.53,11.5,100.0,0.395,2.33,3.16,59.43600000000001,88.875,46.0,0.0,84.2,0.0,11.125,40.1725,cf631d54-f726-41fb-9109-e64019392a0b,aa0c49de-1253-44a3-a17f-a2091d69e337
15/02/2026,4.80625,2.46,6.9,0.0,0.0,0.0,0.0,51.696,61.25,27.599999999999994,100.0,100.0,0.0,38.75,62.155,cf631d54-f726-41fb-9109-e64019392a0b,62454dd5-fa85-4f17-9712-3e7040f2d6be
16/02/2026,9.19875,5.7,15.57,0.0,0.0,0.0,0.0,28.548,79.75,62.28,100.0,100.0,0.0,20.25,70.709,cf631d54-f726-41fb-9109-e64019392a0b,eb2d814c-d9ac-4a6c-9b6e-463d1fcbd69b
17/02/2026,7.46,5.94,9.08,0.0,0.0,0.0,0.0,23.076,55.0,36.32,100.0,100.0,16.9264,45.0,67.08864,cf631d54-f726-41fb-9109-e64019392a0b,337cfe2b-3545-44b8-909a-9be596d4b6ce
12/02/2026,10.1775,7.9,12.14,100.0,0.2125,0.3,0.85,37.908,87.25,48.56,0.0,95.75,0.0,12.75,44.568,582eaa83-248c-4e8b-a953-97c19a23ba4e,cccf6437-41af-4864-a411-0dd35d5c5422
13/02/2026,7.50625,5.76,9.21,100.0,0.28875,1.6,2.31,25.02,98.5,36.84,0.0,88.45,9.927999999999997,1.5,38.729800000000004,582eaa83-248c-4e8b-a953-97c19a23ba4e,6f9729f5-16b0-410b-8d33-b124efd944ee
14/02/2026,4.55,2.09,5.96,100.0,0.29500000000000004,1.31,2.3600000000000003,39.42,76.0,23.840000000000003,0.0,88.2,0.0,24.0,36.012,582eaa83-248c-4e8b-a953-97c19a23ba4e,0c39e10a-d8a9-4065-bcda-6d1f03b36b3d
15/02/2026,4.25,0.9,8.17,100.0,0.39,1.24,3.12,37.152,100.0,32.68000000000001,0.0,84.4,0.0,0.0,35.124,582eaa83-248c-4e8b-a953-97c19a23ba4e,47f1a3b2-dded-4ddd-983e-1fabb103ef98
16/02/2026,8.04375,7.0,9.37,100.0,0.9612499999999999,3.5,7.6899999999999995,41.76,89.625,37.48,0.0,61.550000000000004,0.0,10.375,30.746499999999997,582eaa83-248c-4e8b-a953-97c19a23ba4e,cdcae3a1-545e-459e-9e55-9daa01e0ffb6
17/02/2026,6.51,6.16,6.8,100.0,0.15,0.48,0.6,25.92,99.75,27.200000000000003,0.0,97.0,6.687999999999988,0.25,37.953799999999994,582eaa83-248c-4e8b-a953-97c19a23ba4e,93ccd39c-34fc-42cb-ad4d-296f6b950d3e
12/02/2026,12.9925,10.7,14.42,82.0,0.1875,0.42,0.75,38.519999999999996,50.75,57.68,18.0,96.25,0.0,49.25,54.70399999999999,02eb509d-18c7-4343-b62f-9640b5d918c8,cebfdf28-5a4b-4d61-bad4-809a49be6a48
13/02/2026,9.455,8.65,10.28,100.0,1.5150000000000001,4.8,12.120000000000001,63.215999999999994,100.0,41.12,0.0,39.39999999999999,0.0,0.0,24.155999999999995,02eb509d-18c7-4343-b62f-9640b5d918c8,b59a8263-d778-4c1b-9116-e8f63bab4621
14/02/2026,9.15375,7.9,10.16,100.0,1.55125,2.94,12.41,35.136,99.125,40.64,0.0,37.95,0.0,0.875,23.664499999999997,02eb509d-18c7-4343-b62f-9640b5d918c8,194dffdb-7728-4434-80ef-7c6284159eca
15/02/2026,8.84625,6.46,11.13,100.0,1.0075,3.92,8.06,24.372,98.25,44.52,0.0,59.699999999999996,12.260800000000003,1.75,32.66708,02eb509d-18c7-4343-b62f-9640b5d918c8,1995aee5-5e2b-4267-9434-c8b9996aff57
16/02/2026,11.5225,10.17,12.81,100.0,4.09,7.84,32.72,31.5,100.0,51.24,0.0,0.0,0.0,0.0,15.372,02eb509d-18c7-4343-b62f-9640b5d918c8,b199fe11-878e-46b2-89da-2c00f0c54e24
17/02/2026,12.085,11.31,13.22,100.0,1.645,3.79,6.58,13.824,92.75,52.88,0.0,67.1,50.2336,7.25,41.74236,02eb509d-18c7-4343-b62f-9640b5d918c8,cf7c6788-a401-4290-ab40-9d51745ee9b6
12/02/2026,8.17,6.01,9.68,100.0,1.73,3.62,6.92,24.768,100.0,38.72,0.0,65.4,10.8352,0.0,32.31952,ee49619a-f185-4274-89d5-59124e37d2e2,6799b136-fff7-4226-a501-905b7f0028e6
13/02/2026,7.07,5.73,9.68,100.0,0.36,1.75,2.88,19.8,91.875,38.72,0.0,85.6,28.72,8.125,40.98049999999999,ee49619a-f185-4274-89d5-59124e37d2e2,b96114f5-7caa-45c1-9fb3-b1c9c38bb2f1
14/02/2026,3.43,0.34,5.84,100.0,0.115,0.92,0.92,19.332,99.625,23.36,0.0,95.4,30.404799999999994,0.375,38.705980000000004,ee49619a-f185-4274-89d5-59124e37d2e2,9e862566-7757-42d2-899b-edb0095e8080
15/02/2026,0.38875,-1.36,2.97,63.0,0.0,0.0,0.0,12.204,99.25,11.879999999999995,37.0,100.0,56.065599999999996,0.75,46.64556,ee49619a-f185-4274-89d5-59124e37d2e2,9301e52a-ae9c-46eb-b799-4c4f74cb7da0
16/02/2026,5.97125,2.33,8.19,100.0,2.0475,3.77,16.38,26.604,89.125,32.75999999999999,0.0,18.10000000000001,4.2256,10.875,16.76806,ee49619a-f185-4274-89d5-59124e37d2e2,ddeb8c59-f3d3-4471-ae24-755044ccc53b
17/02/2026,4.4975000000000005,4.16,4.94,100.0,0.2525,0.44,1.01,19.008000000000003,95.25,19.760000000000005,0.0,94.95,31.57119999999999,4.75,38.045120000000004,ee49619a-f185-4274-89d5-59124e37d2e2,10ac3180-32d6-4a92-bae0-0fc941855498
12/02/2026,13.155,11.35,14.3,62.0,0.1325,0.27,0.53,44.316,49.75,57.2,38.0,97.35,0.0,50.25,58.99,39bc759a-d8d6-4f23-885d-cd36fea30737,60448c92-a3e9-4fb9-92b1-f16cb230c355
13/02/2026,9.91625,9.05,10.66,100.0,1.595,4.38,12.76,70.74,100.0,42.64,0.0,36.2,0.0,0.0,23.652,39bc759a-d8d6-4f23-885d-cd36fea30737,71a108aa-336d-4e5c-8eec-4c50c763cfe9
14/02/2026,9.6325,8.46,10.63,100.0,1.6225,2.92,12.98,41.436,98.75,42.52,0.0,35.099999999999994,0.0,1.25,23.410999999999998,39bc759a-d8d6-4f23-885d-cd36fea30737,4b6cdd1c-cc3d-43aa-89a3-13464b3f18cd
15/02/2026,9.567499999999999,7.13,11.69,100.0,0.94625,3.63,7.57,28.188000000000002,98.0,46.76,0.0,62.15,0.0,2.0,32.873000000000005,39bc759a-d8d6-4f23-885d-cd36fea30737,ead74501-2cf0-41a6-a848-b48923e124e3
16/02/2026,11.76,10.59,12.88,100.0,4.456250000000001,8.31,35.650000000000006,36.936,100.0,51.52,0.0,0.0,0.0,0.0,15.456,39bc759a-d8d6-4f23-885d-cd36fea30737,028c28ec-9d08-406f-8148-073c16744c68
17/02/2026,12.315,11.59,13.23,100.0,1.7525,4.16,7.01,15.228000000000002,92.75,52.92,0.0,64.95,45.179199999999994,7.25,40.603919999999995,39bc759a-d8d6-4f23-885d-cd36fea30737,ede1abb7-d3a7-4e7d-8668-4cc0df57f780
12/02/2026,13.0875,9.66,15.91,0.0,0.0,0.0,0.0,58.572,22.25,63.64,100.0,100.0,0.0,77.75,76.867,21daf173-b290-4774-b7c4-86e6fe176948,7c93a00b-f37b-496b-b994-d1dbe0bd41ca
13/02/2026,9.213750000000001,8.15,11.58,100.0,1.3587500000000001,5.32,10.870000000000001,56.34,69.5,46.32,0.0,45.64999999999999,0.0,30.5,30.640999999999995,21daf173-b290-4774-b7c4-86e6fe176948,d56788c0-30b4-4ea0-b701-d7139b728995
14/02/2026,9.00875,6.85,12.06,100.0,2.30625,8.01,18.45,47.124,100.0,48.24,0.0,7.75,0.0,0.0,16.797,21daf173-b290-4774-b7c4-86e6fe176948,98c14500-7766-4673-a258-b85e4ed8bb08
15/02/2026,7.2425,4.27,10.78,0.0,0.0,0.0,0.0,27.432000000000002,46.75,43.12,100.0,100.0,1.2447999999999837,53.25,68.38548,21daf173-b290-4774-b7c4-86e6fe176948,73f1b22b-5dbe-4a29-a8c5-0c947d2e2971
16/02/2026,10.37375,6.13,13.92,2.0,0.0,0.0,0.0,42.264,73.75,55.68,98.0,100.0,0.0,26.25,68.929,21daf173-b290-4774-b7c4-86e6fe176948,b66becf9-661c-43c6-9bfc-aea4066c955f
17/02/2026,8.9525,8.24,10.02,0.0,0.0,0.0,0.0,47.952000000000005,36.0,40.08,100.0,100.0,0.0,64.0,68.424,21daf173-b290-4774-b7c4-86e6fe176948,62e33b16-03e1-4dc5-97c2-6653cdfbfa98
12/02/2026,11.1825,9.32,12.94,100.0,1.9300000000000002,2.9,7.720000000000001,51.480000000000004,84.5,51.76,0.0,61.4,0.0,15.5,35.49799999999999,97778453-228e-412c-b451-506e8b761d2b,fb98c099-7f77-46f5-9126-fc55d883dc85
13/02/2026,8.692499999999999,7.39,10.34,100.0,0.2525,1.04,2.02,25.740000000000002,99.625,41.36,0.0,89.9,7.335999999999984,0.375,40.1491,97778453-228e-412c-b451-506e8b761d2b,7ce561be-c86a-4f82-bb70-e44254a5d3b9
14/02/2026,6.49375,3.35,8.6,100.0,1.52125,4.3,12.17,47.952000000000005,100.0,34.400000000000006,0.0,39.15,0.0,0.0,22.065,97778453-228e-412c-b451-506e8b761d2b,e6f50a2d-ad6a-4529-9d00-1cf656ed301b
15/02/2026,5.9775,2.47,10.53,100.0,1.0074999999999998,4.8,8.059999999999999,39.42,77.875,42.12,0.0,59.7,0.0,22.125,32.7585,97778453-228e-412c-b451-506e8b761d2b,6c3245e6-3111-4127-bedb-fbe4d21b1c1a
16/02/2026,11.54375,10.81,12.31,100.0,1.92875,4.03,15.43,44.424,96.875,49.24,0.0,22.849999999999994,0.0,3.125,21.9395,97778453-228e-412c-b451-506e8b761d2b,50095e77-fb96-42bc-b645-8a0005212c4f
17/02/2026,9.530000000000001,9.05,9.87,100.0,0.255,0.84,1.02,33.804,93.25,39.48,0.0,94.9,0.0,6.75,40.989,97778453-228e-412c-b451-506e8b761d2b,843c6643-f665-4081-870a-2b45cee8ce94
12/02/2026,12.69,10.03,14.43,50.0,0.0825,0.33,0.33,62.676,71.75,57.72,50.0,98.35,0.0,28.25,59.646,e5b1ab9b-ecef-4204-b3db-3167cad5936f,2775ecf4-aa48-48e9-942a-e9fa96e005a7
13/02/2026,9.645,8.8,10.29,100.0,0.9137500000000001,4.48,7.3100000000000005,49.212,74.75,41.16,0.0,63.449999999999996,0.0,25.25,33.907999999999994,e5b1ab9b-ecef-4204-b3db-3167cad5936f,88546d5e-6a6a-4ad9-84f9-f398054313c1
14/02/2026,9.07875,6.44,10.99,100.0,0.3975,1.74,3.18,44.028000000000006,92.25,43.96,0.0,84.1,0.0,7.75,39.193,e5b1ab9b-ecef-4204-b3db-3167cad5936f,50fed46b-04f4-4911-b490-5f98177ae303
15/02/2026,5.88375,3.04,8.58,0.0,0.0,0.0,0.0,54.252,42.875,34.31999999999999,100.0,100.0,0.0,57.125,66.0085,e5b1ab9b-ecef-4204-b3db-3167cad5936f,d0a442ce-e651-429f-86ec-4f08c82a4541
16/02/2026,11.48875,8.69,14.27,46.0,0.0725,0.58,0.58,44.46,75.875,57.08,54.0,97.1,0.0,24.125,59.466499999999996,e5b1ab9b-ecef-4204-b3db-3167cad5936f,5816c27d-52f3-4582-a681-4347bcf1b11f
17/02/2026,9.4525,8.79,9.97,0.0,0.0,0.0,0.0,44.532,16.75,39.88,100.0,100.0,0.0,83.25,70.289,e5b1ab9b-ecef-4204-b3db-3167cad5936f,572fd6be-7bd1-4226-8642-e6a17262aacd
12/02/2026,6.2525,5.31,6.9,100.0,2.6025000000000005,5.28,10.410000000000002,24.3,99.75,27.599999999999994,0.0,47.94999999999999,12.519999999999996,0.25,23.94199999999999,36674acd-e9a5-4c11-b669-f8bc4d18e2e7,629ca7a3-932b-4c9a-bdae-810a3869b50f
13/02/2026,4.7162500000000005,2.59,7.37,36.0,0.061250000000000006,0.32,0.49000000000000005,19.872,99.0,29.480000000000004,64.0,97.55,28.460799999999992,1.0,53.85508,36674acd-e9a5-4c11-b669-f8bc4d18e2e7,0c26f53d-13c4-44d1-9c53-04cd1b5f3fdf
14/02/2026,0.80375,-1.87,2.61,100.0,0.0,0.0,0.0,14.652000000000001,99.625,10.439999999999998,0.0,100.0,47.25279999999999,0.375,37.89478,36674acd-e9a5-4c11-b669-f8bc4d18e2e7,a50259e6-efec-4060-bf96-994a0fa0a9ee
15/02/2026,-2.06375,-4.28,0.3,25.0,0.0,0.0,0.0,9.972,90.625,1.2000000000000028,75.0,100.0,64.10079999999999,9.375,52.70758,36674acd-e9a5-4c11-b669-f8bc4d18e2e7,97ddb47c-8ac0-4f53-93e7-7a155f3ba984
16/02/2026,1.7275,-1.56,4.44,100.0,1.255,6.89,10.04,25.452,81.125,17.760000000000005,0.0,49.800000000000004,8.372799999999998,18.875,22.99278,36674acd-e9a5-4c11-b669-f8bc4d18e2e7,a4135104-7b2d-409f-b012-52ca35734a4f
17/02/2026,1.655,1.08,2.58,100.0,0.1125,0.45,0.45,17.856,95.0,10.319999999999993,0.0,97.75,35.71839999999999,5.0,36.49284,36674acd-e9a5-4c11-b669-f8bc4d18e2e7,38c60d4e-e869-492f-8134-7552948e2f4e
12/02/2026,14.532499999999999,10.16,18.08,3.0,0.0,0.0,0.0,44.496,12.75,72.32,97.0,100.0,0.0,87.25,79.821,5020a1bd-467a-4143-96f3-fd932c633ff6,07f5d208-ffbb-4b6b-9f5a-d8e7eb03ce4d
13/02/2026,10.235,9.57,10.86,43.0,0.058750000000000004,0.28,0.47000000000000003,34.128,93.5,43.44,57.0,97.65,0.0,6.5,54.377,5020a1bd-467a-4143-96f3-fd932c633ff6,53991c64-47f9-4d88-9943-05c1f6ee8dd6
14/02/2026,8.30125,5.62,10.04,35.0,0.0475,0.38,0.38,67.392,83.5,40.16,65.0,98.1,0.0,16.5,56.12799999999999,5020a1bd-467a-4143-96f3-fd932c633ff6,4fd204bf-3e65-4eb9-8a9b-ef44fd204dc3
15/02/2026,9.24,5.77,13.43,0.0,0.0,0.0,0.0,70.272,38.25,53.72,100.0,100.0,0.0,61.75,72.291,5020a1bd-467a-4143-96f3-fd932c633ff6,3847a65e-fc2c-4f53-88f2-4e8ece7354a3
16/02/2026,12.23125,11.24,13.7,20.0,0.04375,0.35,0.35,19.224,95.125,54.8,80.0,98.25,30.793599999999998,4.875,65.48185999999998,5020a1bd-467a-4143-96f3-fd932c633ff6,347f3132-451e-4278-aec8-5c3272998412
17/02/2026,11.22,10.91,11.42,1.0,0.0,0.0,0.0,20.376,94.5,45.68,99.0,100.0,26.6464,5.5,66.71864,5020a1bd-467a-4143-96f3-fd932c633ff6,58ac3bd9-0ad5-4ccf-8d44-5cae5b3b80ab
12/02/2026,9.0175,8.08,9.85,100.0,2.3324999999999996,4.47,9.329999999999998,22.5,99.5,39.4,0.0,53.35000000000001,19.0,0.5,29.775000000000002,21725c0b-6cc6-4d0e-90b1-97c95266bef7,8e8332b5-1fdf-4f10-8027-a7484dd0515b
13/02/2026,7.203749999999999,5.57,10.04,24.0,0.07125000000000001,0.31,0.5700000000000001,18.288,96.0,40.16,76.0,97.15,34.1632,4.0,60.20932,21725c0b-6cc6-4d0e-90b1-97c95266bef7,20e1420d-82e9-4d73-8e19-400af72b826b
14/02/2026,3.525,1.09,5.48,100.0,0.015,0.12,0.12,16.308,99.625,21.92,0.0,99.4,41.291199999999996,0.375,40.56262,21725c0b-6cc6-4d0e-90b1-97c95266bef7,a597f9d1-6665-4a27-9094-0298b04c0a56
15/02/2026,0.5325,-1.54,2.98,20.0,0.0,0.0,0.0,12.096,84.0,11.920000000000002,80.0,100.0,56.4544,16.0,56.82144,21725c0b-6cc6-4d0e-90b1-97c95266bef7,65325a34-c856-4b1d-b420-e1cc47f45f10
16/02/2026,4.47,0.97,8.39,100.0,2.0637499999999998,6.72,16.509999999999998,28.116,75.625,33.56,0.0,17.450000000000017,0.0,24.375,17.740500000000004,21725c0b-6cc6-4d0e-90b1-97c95266bef7,49c3659c-32d1-418b-ac3b-110804d8e40a
17/02/2026,4.3475,3.84,5.18,100.0,0.33999999999999997,0.46,1.3599999999999999,18.072,90.75,20.72,0.0,93.2,34.940799999999996,9.25,38.595079999999996,21725c0b-6cc6-4d0e-90b1-97c95266bef7,3a36964a-9728-4761-8402-a90fa88035f0
12/02/2026,8.4625,6.86,9.8,100.0,0.375,0.84,1.5,30.96,100.0,39.2,0.0,92.5,0.0,0.0,39.51,10c17716-92bd-42c9-986e-202b71620be3,077f6998-e3d1-4eeb-9c40-2895e8a29dbb
13/02/2026,7.02625,5.67,9.69,100.0,0.15375,0.66,1.23,17.1,97.25,38.76,0.0,93.85,38.43999999999999,2.75,43.901999999999994,10c17716-92bd-42c9-986e-202b71620be3,7d08501c-49b4-4ab4-976b-8810856bcf53
14/02/2026,3.69625,0.62,6.04,100.0,0.27375,1.29,2.19,30.348,100.0,24.159999999999997,0.0,89.05,0.0,0.0,33.963,10c17716-92bd-42c9-986e-202b71620be3,d69fd4f0-1ba1-4125-b575-9610d3e35718
15/02/2026,0.8474999999999999,-1.6,3.34,72.0,0.05,0.4,0.4,18.0,82.375,13.36,28.0,98.0,35.2,17.625,44.2905,10c17716-92bd-42c9-986e-202b71620be3,3d2571c0-5c1d-479b-b235-d2938ddbb1ea
16/02/2026,5.9475,1.8,9.47,100.0,1.41125,4.72,11.29,31.392000000000003,85.625,37.88,0.0,43.550000000000004,0.0,14.375,25.866500000000002,10c17716-92bd-42c9-986e-202b71620be3,beb196f3-d55e-4087-ba69-1b0915c25ce7
17/02/2026,4.575,3.03,5.48,0.0,0.0,0.0,0.0,25.56,92.5,21.92,100.0,100.0,7.984000000000009,7.5,58.1244,10c17716-92bd-42c9-986e-202b71620be3,09cf1ab8-aa71-4998-9168-ecfb0c1c0e39
12/02/2026,8.735,7.68,9.71,100.0,2.4025000000000003,4.19,9.610000000000001,23.364,99.75,38.84,0.0,51.949999999999996,15.889600000000002,0.25,28.850959999999997,09667130-147f-400b-9bbb-f830d47edec7,2cadb179-6961-4045-9b0b-669b125a62fc
13/02/2026,6.785,5.13,9.68,37.0,0.08124999999999999,0.35,0.6499999999999999,18.215999999999998,95.25,38.72,63.0,96.75,34.42240000000001,4.75,57.15824,09667130-147f-400b-9bbb-f830d47edec7,f566c154-f2aa-424f-9b9c-86e109daad9c
14/02/2026,3.2875,0.88,5.28,100.0,0.0,0.0,0.0,15.120000000000001,99.875,21.120000000000005,0.0,100.0,45.568,0.125,40.905300000000004,09667130-147f-400b-9bbb-f830d47edec7,f292c1ee-f6b0-462d-b0dc-fe2111dfeea5
15/02/2026,0.22999999999999998,-1.87,2.75,0.0,0.0,0.0,0.0,11.700000000000001,85.75,11.0,100.0,100.0,57.879999999999995,14.25,60.51299999999999,09667130-147f-400b-9bbb-f830d47edec7,3c2176a3-79d5-4986-b85c-0874bdc9cf2a
16/02/2026,4.26,0.75,8.24,100.0,2.0625,6.99,16.5,28.692,74.625,32.96000000000001,0.0,17.5,0.0,25.375,17.675500000000003,09667130-147f-400b-9bbb-f830d47edec7,7fad6a7d-e528-4bef-aa25-88b939c110b3
17/02/2026,4.0525,3.45,4.78,100.0,0.3425,0.47,1.37,18.900000000000002,89.25,19.120000000000005,0.0,93.15,31.959999999999994,10.75,37.952000000000005,09667130-147f-400b-9bbb-f830d47edec7,86d9b58b-324b-4337-a803-34730bc806d0
12/02/2026,6.797499999999999,2.21,10.53,36.0,0.0,0.0,0.0,52.848,64.25,42.12,64.0,100.0,0.0,35.75,59.011,1ceb2be9-7903-4748-8543-89bc2a0c7e2a,95f08cc2-0ee7-494b-97e3-35bfeeccc6ca
13/02/2026,2.9675000000000002,-0.5,7.73,100.0,0.47875,2.68,3.83,26.604,71.5,30.92,0.0,80.85,4.2256,28.5,36.80356,1ceb2be9-7903-4748-8543-89bc2a0c7e2a,4d2cb558-1d64-42f4-8fba-daec9f4e1abc
14/02/2026,3.3137499999999998,1.06,6.64,80.0,0.048749999999999995,0.29,0.38999999999999996,11.16,97.5,26.560000000000002,20.0,98.05,59.824,2.5,47.615399999999994,1ceb2be9-7903-4748-8543-89bc2a0c7e2a,006cca99-9a05-47aa-917f-148e530777aa
15/02/2026,1.74625,-1.73,8.21,0.0,0.0,0.0,0.0,16.056,49.75,32.84,100.0,100.0,42.19839999999999,50.25,69.09684000000001,1ceb2be9-7903-4748-8543-89bc2a0c7e2a,f1fbaa15-717b-4304-80bc-a97ab0c8b562
16/02/2026,2.36,-0.18,5.26,100.0,0.3275,1.94,2.62,26.136,82.875,21.039999999999992,0.0,86.9,5.910399999999996,17.125,34.685539999999996,1ceb2be9-7903-4748-8543-89bc2a0c7e2a,de953830-bfaf-4076-a1ab-a3a8d51e24c2
17/02/2026,0.28,-1.76,1.87,0.0,0.0,0.0,0.0,28.548,20.5,7.480000000000004,100.0,100.0,0.0,79.5,60.194,1ceb2be9-7903-4748-8543-89bc2a0c7e2a,cc42afe6-15f0-4c1d-97f2-a80bb0ef30fc
12/02/2026,7.495,5.51,9.32,100.0,7.2875000000000005,10.69,29.150000000000002,3.8520000000000003,100.0,37.28,0.0,0.0,86.1328,0.0,19.79728,69763581-a459-4252-8546-9b8d6bbaf86b,be7f37c2-120b-4218-8e24-1484ea5e99f7
13/02/2026,6.18125,3.93,9.44,100.0,0.05625,0.32,0.45,5.364,100.0,37.76,0.0,97.75,80.6896,0.0,48.721959999999996,69763581-a459-4252-8546-9b8d6bbaf86b,53ae280d-a666-4e6a-9aea-e272ae162d57
14/02/2026,4.75875,2.3,6.42,100.0,0.0,0.0,0.0,10.512,100.0,25.680000000000007,0.0,100.0,62.1568,0.0,43.91968,69763581-a459-4252-8546-9b8d6bbaf86b,f93bb202-f627-4caf-a412-db9f4a3e5312
15/02/2026,1.44125,-0.57,4.36,100.0,0.0,0.0,0.0,10.872,98.625,17.439999999999998,0.0,100.0,60.8608,1.375,41.455580000000005,69763581-a459-4252-8546-9b8d6bbaf86b,43d3b8a3-b27c-45ec-9b00-12f5836fe049
16/02/2026,5.4825,2.75,7.19,100.0,4.35125,9.7,34.81,8.388,99.875,28.760000000000005,0.0,0.0,69.8032,0.125,15.620820000000002,69763581-a459-4252-8546-9b8d6bbaf86b,e4f9b145-a602-4861-bf92-d01863306bea
17/02/2026,4.5225,4.38,4.89,100.0,0.0,0.0,0.0,7.488,99.25,19.560000000000002,0.0,100.0,73.0432,0.75,43.24732,69763581-a459-4252-8546-9b8d6bbaf86b,ce4babf2-d9b7-4d6c-96c7-1a2ecca94182
12/02/2026,11.805,10.68,13.04,100.0,0.4,0.82,1.6,58.572,58.75,52.16,0.0,92.0,0.0,41.25,47.373,fd9c3a7b-a41b-40fd-984f-6e1d84b94b49,ae751ba4-49be-496b-9f67-5d10074b06fd
13/02/2026,9.535,8.52,10.78,100.0,1.2625,2.52,10.1,35.604000000000006,92.75,43.12,0.0,49.5,0.0,7.25,28.511,fd9c3a7b-a41b-40fd-984f-6e1d84b94b49,7901855a-576b-43c3-bb5e-b7030e9f2ee2
14/02/2026,6.6825,5.01,7.84,100.0,0.9462499999999999,3.8,7.569999999999999,47.628,87.875,31.36,0.0,62.150000000000006,0.0,12.125,29.265499999999996,fd9c3a7b-a41b-40fd-984f-6e1d84b94b49,aec11560-9089-4542-8952-2df9b99b0bcd
15/02/2026,8.87125,4.68,11.47,100.0,2.1675,9.13,17.34,43.344,95.625,45.88,0.0,13.299999999999997,0.0,4.375,18.1915,fd9c3a7b-a41b-40fd-984f-6e1d84b94b49,93f21934-999f-4d85-b2c5-f9740d531b8f
16/02/2026,11.12375,10.16,11.72,100.0,0.6975,3.6,5.58,46.728,87.875,46.88,0.0,72.1,0.0,12.125,36.9065,fd9c3a7b-a41b-40fd-984f-6e1d84b94b49,11711a53-5836-4b51-90c1-9a916c8dcde0
17/02/2026,10.49,9.71,11.81,100.0,0.7750000000000001,1.62,3.1000000000000005,38.052,96.75,47.24,0.0,84.5,0.0,3.25,39.847,fd9c3a7b-a41b-40fd-984f-6e1d84b94b49,80d6424a-224a-4571-87f9-9301c7247398
12/02/2026,9.805,8.82,10.51,100.0,0.3625,0.57,1.45,44.604000000000006,89.5,42.04,0.0,92.75,0.0,10.5,41.486999999999995,7d4a871e-e89c-423e-8bf9-239b5d97310e,da2aad4a-15ca-48d4-b426-d7ce3c6362c0
13/02/2026,8.247499999999999,7.24,9.06,56.99999999999999,0.15625,0.34,1.25,30.06,96.25,36.24,43.00000000000001,93.75,0.0,3.75,47.972,7d4a871e-e89c-423e-8bf9-239b5d97310e,862798de-6ccb-474c-b882-d4f6285e1a88
14/02/2026,5.7475,5.47,6.04,94.0,0.21625,0.76,1.73,43.2,79.375,24.159999999999997,6.0,91.35,0.0,20.625,37.915499999999994,7d4a871e-e89c-423e-8bf9-239b5d97310e,b1ca84fe-4728-4870-85b6-31e00df53dd9
15/02/2026,4.99625,2.57,8.06,100.0,0.6925,1.89,5.54,43.308,100.0,32.24000000000001,0.0,72.3,0.0,0.0,31.362000000000002,7d4a871e-e89c-423e-8bf9-239b5d97310e,4a7e3c25-7583-4ab5-9c20-2d4cdb777854
16/02/2026,8.66375,8.03,9.32,100.0,1.6225,5.05,12.98,52.092000000000006,78.875,37.28,0.0,35.099999999999994,0.0,21.125,23.8265,7d4a871e-e89c-423e-8bf9-239b5d97310e,87bd2807-b005-45a5-b735-f70297cefb32
17/02/2026,7.855,7.34,8.48,100.0,0.2875,0.42,1.15,36.72,95.25,33.92,0.0,94.25,0.0,4.75,38.926,7d4a871e-e89c-423e-8bf9-239b5d97310e,a4d49916-d069-4933-abd9-ae48d3d21e31
12/02/2026,9.765,7.95,10.88,100.0,0.48,0.72,1.92,22.068,98.25,43.52,0.0,90.4,20.5552,1.75,42.40652,b75371ec-4ca2-43a8-927b-4fc2a646efd2,06bbefb0-c9e9-4902-836e-62a39e564e43
13/02/2026,6.9275,3.56,8.96,100.0,0.52125,3.07,4.17,20.808,99.125,35.84,0.0,79.15,25.0912,0.875,37.09362,b75371ec-4ca2-43a8-927b-4fc2a646efd2,2bf5aeea-8087-4308-8077-1f07624a2ea0
14/02/2026,3.21875,2.02,5.78,0.0,0.0,0.0,0.0,24.336,57.375,23.120000000000005,100.0,100.0,12.3904,42.625,62.437540000000006,b75371ec-4ca2-43a8-927b-4fc2a646efd2,0b51a104-3d8e-4ae0-a38b-02395894ce87
15/02/2026,2.34,0.87,4.01,100.0,0.09875,0.79,0.79,30.708,95.25,16.039999999999992,0.0,96.05,0.0,4.75,34.102,b75371ec-4ca2-43a8-927b-4fc2a646efd2,a2ee846f-dff8-43c9-8686-2fe2777d83c2
16/02/2026,6.2825,3.86,9.09,100.0,1.3987500000000002,3.68,11.190000000000001,28.368,68.125,36.36,0.0,44.05,0.0,31.875,27.310499999999998,b75371ec-4ca2-43a8-927b-4fc2a646efd2,c2b828b0-7aec-4cf7-af05-f94987c03ab8
17/02/2026,5.359999999999999,4.35,6.02,0.0,0.0,0.0,0.0,20.952,81.25,24.08,100.0,100.0,24.572799999999987,18.75,61.55628,b75371ec-4ca2-43a8-927b-4fc2a646efd2,150d19f7-cd11-4af9-a9d5-bf9e13c50223
12/02/2026,9.8975,7.38,11.57,100.0,0.8700000000000001,3.16,3.4800000000000004,19.908,98.0,46.28,0.0,82.6,28.331199999999995,2.0,41.697120000000005,21019f0c-9517-4e70-9d7c-b07cfc4692dc,a298f64c-ac99-4443-993d-ba981dc2ab9d
13/02/2026,7.6425,4.85,9.96,20.0,0.01625,0.13,0.13,8.964,92.625,39.84,80.0,99.35,67.7296,7.375,65.26745999999999,21019f0c-9517-4e70-9d7c-b07cfc4692dc,45c2cb11-40bd-4afe-8c69-3229fafa3113
14/02/2026,5.16,2.0,7.76,100.0,0.22,1.0,1.76,28.62,98.375,31.039999999999992,0.0,91.2,0.0,1.625,36.8345,21019f0c-9517-4e70-9d7c-b07cfc4692dc,40f0c615-b0e9-497a-bec7-fd88f2ef3143
15/02/2026,2.67625,-0.6,5.35,20.0,0.0175,0.14,0.14,22.788,83.625,21.400000000000006,80.0,99.3,17.9632,16.375,55.643820000000005,21019f0c-9517-4e70-9d7c-b07cfc4692dc,b65d6950-7ba6-45e1-b0d1-ddc5d3cfe8b9
16/02/2026,7.297499999999999,4.52,11.43,100.0,0.99,2.76,7.92,21.492,81.375,45.72,0.0,60.4,22.6288,18.625,35.96138,21019f0c-9517-4e70-9d7c-b07cfc4692dc,38f7e277-c89e-4b0a-baf5-009209411721
17/02/2026,5.78,4.88,6.44,0.0,0.0,0.0,0.0,16.776,92.25,25.760000000000005,100.0,100.0,39.6064,7.75,62.46364,21019f0c-9517-4e70-9d7c-b07cfc4692dc,0647b3cd-b73c-4e48-8343-9705b1c30188
12/02/2026,13.105,11.03,14.27,68.0,0.16499999999999998,0.43,0.6599999999999999,56.484,24.25,57.08,32.0,96.7,0.0,75.75,60.109,25ea0dff-f474-4807-94d6-478c309e372d,798cb567-50ce-4fa5-9998-cebefc7ffc23
13/02/2026,10.49875,9.73,11.24,100.0,0.98125,4.55,7.85,44.028000000000006,74.0,44.96,0.0,60.75,0.0,26.0,34.312999999999995,25ea0dff-f474-4807-94d6-478c309e372d,6661bbac-22f1-4d7c-9d2a-ce286954a375
14/02/2026,9.44,6.72,11.65,100.0,0.40625,2.09,3.25,54.144,90.625,46.6,0.0,83.75,0.0,9.375,40.042500000000004,25ea0dff-f474-4807-94d6-478c309e372d,72ef1950-e826-4eb7-90d5-a2e43e24d85e
15/02/2026,6.4712499999999995,3.85,9.29,0.0,0.0,0.0,0.0,66.132,43.5,37.16,100.0,100.0,0.0,56.5,66.798,25ea0dff-f474-4807-94d6-478c309e372d,770b10f8-0615-4682-9b5b-bc04ec63d4c4
16/02/2026,12.24,9.18,15.33,65.0,0.0925,0.74,0.74,39.492000000000004,75.0,61.32,35.0,96.3,0.0,25.0,56.786,25ea0dff-f474-4807-94d6-478c309e372d,d1be2a08-c15e-452f-b607-accdd2b5376e
17/02/2026,10.3725,9.71,10.99,0.0,0.0,0.0,0.0,39.636,14.5,43.96,100.0,100.0,0.0,85.5,71.738,25ea0dff-f474-4807-94d6-478c309e372d,811e2b84-9c8b-41d9-9ce9-795d4f4ec721
12/02/2026,8.8225,7.06,9.74,70.0,0.365,0.65,1.46,40.86,84.0,38.96,30.0,92.7,0.0,16.0,47.098000000000006,9ca51cd2-44f7-47fd-b665-c76972a40308,401185cd-42dd-49bf-b9dd-1334b3e8bb66
13/02/2026,7.6025,6.48,8.5,100.0,0.7975,1.61,6.38,17.28,92.25,34.0,0.0,68.1,37.791999999999994,7.75,35.1842,9ca51cd2-44f7-47fd-b665-c76972a40308,30071720-1b48-41ef-bb84-4edde6bac06f
14/02/2026,5.2325,3.45,7.6,100.0,0.11375,0.59,0.91,34.992000000000004,77.875,30.400000000000006,0.0,95.45,0.0,22.125,39.9675,9ca51cd2-44f7-47fd-b665-c76972a40308,8206213c-1729-457e-80de-0a49ad14d5c8
15/02/2026,5.4174999999999995,1.35,9.7,100.0,1.13875,3.87,9.11,33.300000000000004,100.0,38.8,0.0,54.45,0.0,0.0,27.975,9ca51cd2-44f7-47fd-b665-c76972a40308,354d04cc-bc96-49b9-a5db-c1c83f2c70df
16/02/2026,9.03125,7.65,10.6,100.0,0.7487499999999999,2.34,5.989999999999999,42.624,69.125,42.4,0.0,70.05000000000001,0.0,30.875,36.8225,9ca51cd2-44f7-47fd-b665-c76972a40308,4004625d-e963-40b8-b4a5-d7a8abe14957
17/02/2026,6.705,6.47,6.93,100.0,0.42,1.53,1.68,21.276,92.5,27.72,0.0,91.6,23.406400000000005,7.5,38.88663999999999,9ca51cd2-44f7-47fd-b665-c76972a40308,6030d56d-f74e-4883-91dd-acfb77376e0f
12/02/2026,10.75,8.61,11.91,100.0,0.45749999999999996,0.83,1.8299999999999998,45.792,78.25,47.64,0.0,90.85,0.0,21.75,43.721999999999994,a788870c-7100-4bf2-b45a-a4045434d28d,009bb1ee-f015-4ede-9dcf-ea6078f747b3
13/02/2026,9.002500000000001,7.21,11.55,100.0,0.2125,0.61,1.7,21.816,98.875,46.2,0.0,91.5,21.462400000000002,1.125,43.56874,a788870c-7100-4bf2-b45a-a4045434d28d,28a3591f-695c-47d4-9e85-a4b11d2a5c37
14/02/2026,6.5225,4.08,8.18,100.0,0.3075,0.67,2.46,35.46,100.0,32.72,0.0,87.7,0.0,0.0,36.126,a788870c-7100-4bf2-b45a-a4045434d28d,f320cac9-d8fb-4629-9873-026173015430
15/02/2026,4.86,0.61,9.32,100.0,0.6375,3.78,5.1,35.964,75.25,37.28,0.0,74.5,0.0,24.75,36.009,a788870c-7100-4bf2-b45a-a4045434d28d,457008cf-4721-46d3-bb57-0466d079e953
16/02/2026,10.76625,8.58,13.86,100.0,1.075,2.06,8.6,34.848,97.125,55.44,0.0,57.0,0.0,2.875,34.0195,a788870c-7100-4bf2-b45a-a4045434d28d,26f2a9a0-e85c-40b1-adbe-db493447a052
17/02/2026,8.27,7.51,8.59,100.0,0.6825,2.16,2.73,12.708,96.5,34.36,0.0,86.35,54.2512,3.5,41.988119999999995,a788870c-7100-4bf2-b45a-a4045434d28d,de7ad09f-f35b-4033-9392-1558f83d9365
12/02/2026,11.9725,8.7,14.22,20.0,0.03,0.12,0.12,30.276,80.0,56.88,80.0,99.4,0.0,20.0,64.884,7eefd15c-c0a2-4167-a4dc-6f3a1a76829a,4bd7c789-18da-49a7-afee-4fca75eda987
13/02/2026,7.63,6.31,9.61,100.0,1.54,5.56,12.32,21.240000000000002,89.625,38.44,0.0,38.4,23.535999999999987,10.375,26.4431,7eefd15c-c0a2-4167-a4dc-6f3a1a76829a,504c3268-2d58-4842-a80f-a9107b16bff4
14/02/2026,8.42875,5.37,12.98,100.0,0.31875,1.52,2.55,35.532,78.375,51.92,0.0,87.25,0.0,21.625,43.913500000000006,7eefd15c-c0a2-4167-a4dc-6f3a1a76829a,71e4181f-e61c-4c77-a862-855f1dadd32b
15/02/2026,5.745,1.97,9.33,0.0,0.0,0.0,0.0,39.708,51.0,37.32,100.0,100.0,0.0,49.0,66.096,7eefd15c-c0a2-4167-a4dc-6f3a1a76829a,00066c64-8fd2-4c89-9325-bf20b56c0868
16/02/2026,11.50125,7.33,16.32,0.0,0.0,0.0,0.0,27.576,87.125,65.28,100.0,100.0,0.7263999999999982,12.875,70.94414,7eefd15c-c0a2-4167-a4dc-6f3a1a76829a,d4d955b0-63e4-4c3c-b4af-5111dfcca992
17/02/2026,7.8774999999999995,7.03,9.09,0.0,0.0,0.0,0.0,10.656,78.75,36.36,100.0,100.0,61.6384,21.25,69.19684000000001,7eefd15c-c0a2-4167-a4dc-6f3a1a76829a,64677c65-5fe5-4879-bf6d-0c75a6d1a19a
12/02/2026,10.0125,8.99,10.84,100.0,0.6475000000000001,2.18,2.5900000000000003,26.676000000000002,96.75,43.36,0.0,87.05,3.966399999999993,3.25,39.84464,ad73e207-071c-41af-bb3b-c365a3b8b667,452a93c9-d42f-4f54-8731-c3179b4e4cf0
13/02/2026,7.83,7.51,8.59,100.0,0.86,3.48,6.88,16.308,96.5,34.36,0.0,65.6,41.291199999999996,3.5,34.467119999999994,ad73e207-071c-41af-bb3b-c365a3b8b667,496879d3-00c7-4e21-af85-18568daccb6a
14/02/2026,4.78,2.77,6.82,0.0,0.0,0.0,0.0,24.948,63.0,27.28,100.0,100.0,10.18719999999999,37.0,62.90272,ad73e207-071c-41af-bb3b-c365a3b8b667,7e6d674b-2a2f-4416-9f1e-0bc6d5658b7f
15/02/2026,3.0025,1.95,3.82,100.0,0.36624999999999996,1.69,2.9299999999999997,20.448,90.125,15.280000000000001,0.0,85.35,26.387199999999993,9.875,33.81522,ad73e207-071c-41af-bb3b-c365a3b8b667,b4c90fb8-58f4-4a67-a2aa-743a1b8a9ca7
16/02/2026,7.82,4.55,10.63,100.0,1.6475,5.75,13.18,28.980000000000004,66.5,42.52,0.0,34.099999999999994,0.0,33.5,26.336,ad73e207-071c-41af-bb3b-c365a3b8b667,4c4e02e7-31ea-4426-9275-1a3b669e655a
17/02/2026,6.685,5.92,7.5,0.0,0.0,0.0,0.0,20.088,96.5,30.0,100.0,100.0,27.6832,3.5,62.118320000000004,ad73e207-071c-41af-bb3b-c365a3b8b667,bf6c05f8-58e2-4bef-b5a6-8214f1b7de5d
12/02/2026,9.18,8.01,9.98,100.0,0.5,1.51,2.0,37.62,98.25,39.92,0.0,90.0,0.0,1.75,39.150999999999996,164d2a9e-3bca-4e59-a553-61ca234259b5,40bf088f-764e-4c99-89ae-b68646dbe54d
13/02/2026,7.453749999999999,7.0,8.04,100.0,0.32375,1.16,2.59,23.508000000000003,98.375,32.16,0.0,87.05,15.371199999999988,1.625,37.46262,164d2a9e-3bca-4e59-a553-61ca234259b5,da9e087c-01b5-4ebe-acb6-d6f6e7b8b632
14/02/2026,3.865,2.32,6.08,30.0,0.02875,0.13,0.23,28.728,76.875,24.319999999999993,70.0,98.85,0.0,23.125,53.26349999999999,164d2a9e-3bca-4e59-a553-61ca234259b5,e661285c-bb7f-45d0-9901-6c2950938a8e
15/02/2026,2.5925000000000002,1.34,5.61,100.0,0.315,1.93,2.52,28.116,100.0,22.439999999999998,0.0,87.4,0.0,0.0,32.952,164d2a9e-3bca-4e59-a553-61ca234259b5,8967afa7-9f81-47cb-9882-a1c1da659cce
16/02/2026,7.32625,6.15,9.19,100.0,1.62875,5.6,13.03,40.788000000000004,65.375,36.76,0.0,34.85000000000001,0.0,34.625,24.945500000000003,164d2a9e-3bca-4e59-a553-61ca234259b5,0eeb6a39-b4b8-46c6-ba66-662cc823c4fe
17/02/2026,6.425,5.47,6.94,20.0,0.1375,0.28,0.55,24.552000000000003,95.0,27.760000000000005,80.0,97.25,11.612799999999993,5.0,55.16428,164d2a9e-3bca-4e59-a553-61ca234259b5,e0f21c68-4cd0-44d7-8dbe-0bde0b949435
12/02/2026,12.11,11.6,12.43,30.0,0.1175,0.37,0.47,55.728,81.0,49.72,70.0,97.65,0.0,19.0,60.111,4c26d072-b69e-4424-8ef5-0af07b7a622f,f4319904-e5f5-4b1d-8e6c-4f2b4877e20b
13/02/2026,9.745,9.03,10.49,100.0,2.0825,7.56,16.66,35.892,87.25,41.96,0.0,16.700000000000003,0.0,12.75,18.872999999999998,4c26d072-b69e-4424-8ef5-0af07b7a622f,b43b4d0a-e303-4f74-b257-32c7cfe1f6e2
14/02/2026,9.456249999999999,7.14,13.03,100.0,0.19874999999999998,1.18,1.5899999999999999,49.356,83.875,52.12,0.0,92.05,0.0,16.125,44.863499999999995,4c26d072-b69e-4424-8ef5-0af07b7a622f,0604e54b-a28f-4131-a261-935ce564675a
15/02/2026,7.4262500000000005,4.69,10.44,20.0,0.01375,0.11,0.11,55.188,51.875,41.76,80.0,99.45,0.0,48.125,63.1755,4c26d072-b69e-4424-8ef5-0af07b7a622f,62ca8b0c-ba6a-4293-81e9-b6ecabdf2676
16/02/2026,12.7325,9.36,15.5,0.0,0.0,0.0,0.0,47.304,82.625,62.0,100.0,100.0,0.0,17.375,70.33749999999999,4c26d072-b69e-4424-8ef5-0af07b7a622f,24eb4d57-0703-4508-8a9d-c6537148f012
17/02/2026,9.675,9.18,10.33,0.0,0.0,0.0,0.0,30.6,58.25,41.32,100.0,100.0,0.0,41.75,66.571,4c26d072-b69e-4424-8ef5-0af07b7a622f,68ddb0af-3044-4233-b894-bfde4628b7f6
12/02/2026,9.945,8.13,11.29,32.0,0.08750000000000001,0.14,0.35000000000000003,47.088,65.5,45.16,68.0,98.25,0.0,34.5,60.073,ec6c7dfb-5ad1-40e1-99af-9239fec7ac25,bbfa3a7a-194b-4b54-8baa-7367db499a2a
13/02/2026,7.95,7.12,8.51,100.0,0.37625,1.04,3.01,21.132,92.625,34.03999999999999,0.0,84.95,23.92479999999999,7.375,38.82697999999999,ec6c7dfb-5ad1-40e1-99af-9239fec7ac25,c059d1b1-370e-4cc5-8eef-e4a808fda967
14/02/2026,5.7075,4.57,7.64,100.0,0.19875,0.84,1.59,44.82,87.5,30.560000000000002,0.0,92.05,0.0,12.5,38.033,ec6c7dfb-5ad1-40e1-99af-9239fec7ac25,57ae7fb7-2783-4018-b419-64204f22da5a
15/02/2026,7.29,2.34,10.31,100.0,1.61625,4.17,12.93,36.864000000000004,100.0,41.24,0.0,35.349999999999994,0.0,0.0,22.976999999999997,ec6c7dfb-5ad1-40e1-99af-9239fec7ac25,be2432ab-b476-46fe-9053-a00f85a0a704
16/02/2026,9.348749999999999,8.18,10.9,100.0,0.47125,1.79,3.77,48.024,68.75,43.6,0.0,81.15,0.0,31.25,40.550000000000004,ec6c7dfb-5ad1-40e1-99af-9239fec7ac25,5e3e4213-7e5c-4b21-9a61-2381b06b7c96
17/02/2026,7.325,7.19,7.44,100.0,0.5549999999999999,1.89,2.2199999999999998,24.876,93.5,29.760000000000005,0.0,88.9,10.446399999999997,6.5,37.29264,ec6c7dfb-5ad1-40e1-99af-9239fec7ac25,84a3cf6b-37fd-4411-8c49-1602e5685479
12/02/2026,9.3925,8.8,9.96,100.0,1.52,3.75,6.08,32.76,99.75,39.84,0.0,69.6,0.0,0.25,32.857,672b147e-471d-4b19-bd3f-e33e9880bef6,df679254-a8e3-4268-9d97-5f61ff2f5010
13/02/2026,7.805000000000001,6.08,9.72,80.0,0.0,0.0,0.0,23.652,97.75,38.88,20.0,100.0,14.852799999999988,2.25,47.37428,672b147e-471d-4b19-bd3f-e33e9880bef6,251b0299-af1f-49c6-a9c4-8cd5716f4062
14/02/2026,3.215,1.05,6.07,100.0,0.0525,0.42,0.42,23.832,99.5,24.28,0.0,97.9,14.204799999999992,0.5,38.12448,672b147e-471d-4b19-bd3f-e33e9880bef6,3c810af1-d76d-4cf3-bd4f-59b61a088465
15/02/2026,0.8075,-0.98,3.27,0.0,0.0,0.0,0.0,13.932,71.75,13.079999999999998,100.0,100.0,49.8448,28.25,61.73348,672b147e-471d-4b19-bd3f-e33e9880bef6,dcf145fa-135e-4ab9-b812-6637b9b751d6
16/02/2026,3.76625,0.59,7.14,100.0,1.1400000000000001,5.28,9.120000000000001,28.584000000000003,92.5,28.560000000000002,0.0,54.39999999999999,0.0,7.5,25.637999999999998,672b147e-471d-4b19-bd3f-e33e9880bef6,b45c0535-f04c-4f49-aca8-4ab44e560927
17/02/2026,4.515,3.5,5.42,100.0,0.31,0.81,1.24,24.66,100.0,21.680000000000007,0.0,93.8,11.224000000000004,0.0,35.7664,672b147e-471d-4b19-bd3f-e33e9880bef6,7f984b77-fa1b-4b4f-a7d1-32ad5afb92c2
12/02/2026,10.995,9.69,11.97,100.0,0.5625,0.91,2.25,45.036,77.75,47.88,0.0,88.75,0.0,22.25,43.214000000000006,7cc99521-1536-4686-84c7-fbeed7470ee4,bb4fd731-e799-4c1e-97b3-a99d0fc948ef
13/02/2026,9.24375,7.54,11.23,87.0,0.1325,0.63,1.06,23.688000000000002,100.0,44.92,13.0,94.7,14.723199999999991,0.0,45.95832,7cc99521-1536-4686-84c7-fbeed7470ee4,10f4d4b3-20c7-4a27-8ad5-b6a56a216355
14/02/2026,6.56375,3.7,8.17,100.0,0.5625,1.08,4.5,33.624,100.0,32.68000000000001,0.0,77.5,0.0,0.0,33.054,7cc99521-1536-4686-84c7-fbeed7470ee4,d4c03242-72af-43f4-8539-2d33eb93ccf8
15/02/2026,5.77875,1.71,9.94,100.0,0.83875,3.68,6.71,34.956,75.125,39.76,0.0,66.45,0.0,24.875,34.3505,7cc99521-1536-4686-84c7-fbeed7470ee4,6625a739-3aae-42f6-9fc7-7c99ee29bdcb
16/02/2026,11.02125,9.88,12.56,100.0,0.48125,0.86,3.85,37.116,99.875,50.24,0.0,80.75,0.0,0.125,39.3095,7cc99521-1536-4686-84c7-fbeed7470ee4,710df877-bac9-4281-b1c2-44ff03484bbe
17/02/2026,9.592500000000001,8.88,10.58,100.0,0.7175,2.19,2.87,20.664,99.75,42.32,0.0,85.65,25.609599999999986,0.25,40.97696,7cc99521-1536-4686-84c7-fbeed7470ee4,0abf57c2-6269-4c1c-a8f7-27a691a7788e
12/02/2026,11.24,7.86,13.45,20.0,0.055,0.22,0.22,32.976,83.75,53.8,80.0,98.9,0.0,16.25,63.435,478f6b17-f5c2-45c1-b448-093e35cd7f69,4996dbc7-b73c-47ea-be93-b57264a75128
13/02/2026,6.8425,5.39,9.48,100.0,1.585,6.06,12.68,17.172,85.625,37.92,0.0,36.6,38.1808,14.375,27.611580000000004,478f6b17-f5c2-45c1-b448-093e35cd7f69,cfebc399-aee8-45d9-abc6-8cb76e22742d
14/02/2026,7.5225,4.61,11.74,100.0,0.4375,1.71,3.5,40.536,75.0,46.96,0.0,82.5,0.0,25.0,41.338,478f6b17-f5c2-45c1-b448-093e35cd7f69,8eb5ab82-150a-480e-8c6a-c39417e0f5b2
15/02/2026,4.5525,0.75,7.67,0.0,0.0,0.0,0.0,34.019999999999996,49.125,30.680000000000007,100.0,100.0,0.0,50.875,64.2915,478f6b17-f5c2-45c1-b448-093e35cd7f69,39e80719-aede-488e-9c96-9292e38ff7d5
16/02/2026,9.63875,5.93,14.9,0.0,0.0,0.0,0.0,32.004000000000005,93.375,59.6,100.0,100.0,0.0,6.625,68.54249999999999,478f6b17-f5c2-45c1-b448-093e35cd7f69,9ebc71a5-7fd4-4e34-bb3c-c4c615b4a99d
17/02/2026,6.7325,5.33,7.85,0.0,0.0,0.0,0.0,14.58,86.25,31.400000000000006,100.0,100.0,47.512,13.75,65.5462,478f6b17-f5c2-45c1-b448-093e35cd7f69,13cfbaae-0963-4a51-8408-ddf3f469f0e4
